gf45bi701,gf45bi7010,gf45bi7011,gf45bi7012,gf45bi7013,gf45bi7014,gf45bi7015,gf45bi7016,gf45bi7017,gf45bi7018,gf45bi7019,gf45bi702,gf45bi703,gf45bi704,gf45bi705,gf45bi706,gf45bi707,gf45bi708,gf45bi709
130,262,-13,1068,130,33,34,363,149,363,149,117,29,10780,336,-62,398,262,-13
130,262,-13,1069,130,33,34,363,150,363,150,117,29,10764,336,-62,398,262,-13
130,262,-13,1069,130,33,34,363,150,363,150,117,29,10764,336,-62,398,262,-13
130,262,-13,1078,130,35,34,364,153,363,153,117,29,10758,336,-61,397,186,-13
129,262,-13,1070,130,33,34,363,150,363,150,116,29,10760,335,-61,396,262,-13
129,261,-14,1070,130,33,34,363,150,363,150,116,29,10781,335,-63,398,261,-14
129,261,-14,1070,130,33,34,363,150,363,150,116,29,10781,335,-63,398,261,-14
129,262,-13,1070,130,33,34,363,150,363,150,116,29,10760,335,-61,396,262,-13
131,263,-12,1079,128,36,33,363,155,361,155,118,29,10774,337,-61,398,187,-12
128,261,-14,1073,130,33,34,366,150,366,150,115,28,10775,334,-63,397,261,-14
129,261,-14,1073,130,33,34,366,150,366,150,115,29,10744,334,-62,396,261,-14
129,261,-14,1073,130,33,34,366,150,366,150,115,29,10744,334,-62,396,261,-14
129,261,-14,1073,130,33,34,366,150,366,150,115,29,10744,334,-62,396,261,-14
129,261,-14,1073,130,33,34,366,150,366,150,115,29,10744,334,-62,396,261,-14
127,259,-15,1062,129,33,34,364,147,364,147,114,28,10748,332,-63,395,259,-15
132,264,-11,1084,127,36,33,364,157,360,157,117,29,10780,338,-60,398,188,-11
129,261,-14,1073,130,33,34,366,150,366,150,115,29,10745,334,-62,396,261,-14
132,264,-11,1084,127,36,33,364,157,360,157,117,29,10780,338,-60,398,188,-11
133,265,-10,1084,127,36,33,364,157,360,157,118,29,10768,339,-59,398,189,-10
133,265,-10,1084,127,36,33,364,157,360,157,118,29,10768,339,-59,398,189,-10
129,261,-13,1067,128,33,34,362,150,362,150,115,29,10757,334,-62,396,261,-13
132,265,-10,1083,127,36,32,363,157,360,157,118,29,10769,339,-59,398,188,-10
125,257,-16,1041,126,32,35,361,145,361,145,113,28,10706,331,-64,395,257,-16
132,264,-11,1083,127,36,32,363,157,360,157,117,29,10778,339,-60,399,188,-11
125,256,-17,1039,127,32,34,362,145,362,145,113,28,10712,330,-65,395,256,-17
125,257,-16,1041,126,32,35,361,145,361,145,112,28,10728,331,-64,395,257,-16
125,257,-17,1037,125,32,34,360,145,360,145,112,28,10702,330,-65,395,257,-17
125,257,-17,1039,127,32,34,362,145,362,145,112,28,10715,330,-65,395,257,-17
125,257,-17,1039,127,32,34,362,145,362,145,112,28,10715,330,-65,395,257,-17
125,257,-17,1039,127,32,34,362,145,362,145,112,28,10725,330,-65,395,257,-17
127,258,-16,1046,127,32,34,361,145,361,145,113,28,10725,331,-64,395,258,-16
133,266,-10,1083,127,37,32,364,159,358,159,118,29,10802,340,-59,399,189,-10
133,266,-10,1083,127,37,32,364,159,358,159,118,29,10802,340,-59,399,189,-10
133,266,-10,1083,127,37,32,364,159,358,159,118,29,10802,340,-59,399,189,-10
127,258,-15,1047,127,32,34,361,145,361,145,113,28,10706,330,-64,394,258,-15
127,258,-15,1047,127,32,34,361,145,361,145,113,28,10706,330,-64,394,258,-15
127,258,-15,1047,127,32,34,361,145,361,145,113,28,10706,330,-64,394,258,-15
125,257,-17,1039,127,32,34,362,145,362,145,112,28,10715,330,-65,395,257,-17
133,265,-9,1085,127,37,32,366,158,354,158,118,29,10746,340,-58,398,190,-9
133,266,-10,1083,127,37,32,364,159,358,159,118,29,10802,340,-59,399,189,-10
125,257,-16,1041,126,32,35,361,145,361,145,112,28,10728,331,-64,395,257,-16
131,264,-11,1078,128,35,33,361,154,361,154,116,29,10755,337,-59,396,187,-11
132,265,-10,1081,127,36,32,362,157,360,157,117,29,10752,339,-59,398,188,-10
132,265,-10,1081,127,36,32,362,157,360,157,117,29,10752,339,-59,398,188,-10
131,264,-11,1078,128,35,33,361,154,361,154,116,29,10755,337,-59,396,187,-11
125,257,-16,1040,126,32,35,361,145,361,145,112,28,10708,330,-64,394,257,-16
125,257,-17,1036,125,32,34,360,145,360,145,112,28,10722,330,-65,395,257,-17
131,263,-11,1078,128,35,33,361,154,361,154,116,29,10715,337,-59,396,187,-11
133,265,-9,1080,127,37,32,362,159,355,159,118,29,10768,340,-58,398,189,-9
125,257,-16,1041,126,32,35,361,145,361,145,112,28,10697,330,-64,394,257,-16
131,264,-11,1078,128,35,33,361,154,361,154,116,29,10755,337,-59,396,187,-11
126,258,-16,1048,127,32,34,362,146,362,146,113,28,10718,330,-64,394,258,-16
125,256,-17,1033,125,32,35,360,144,360,144,112,28,10710,330,-65,395,256,-17
131,264,-11,1078,128,35,33,361,154,361,154,116,29,10755,337,-59,396,187,-11
125,256,-17,1033,125,32,35,360,144,360,144,112,28,10710,330,-65,395,256,-17
125,257,-17,1033,125,32,35,360,144,360,144,112,28,10704,330,-65,395,257,-17
127,258,-15,1049,127,32,34,361,146,361,146,113,28,10715,330,-63,393,258,-15
129,261,-13,1073,128,34,34,364,152,364,152,115,29,10742,334,-61,395,261,-13
125,257,-16,1041,126,32,35,361,145,361,145,112,28,10686,330,-64,394,257,-16
125,257,-16,1041,126,32,35,361,145,361,145,112,28,10678,330,-64,394,257,-16
127,258,-15,1050,127,32,34,361,146,361,146,113,28,10707,330,-63,393,258,-15
127,258,-15,1050,127,32,34,361,146,361,146,113,28,10707,330,-63,393,258,-15
133,265,-9,1081,127,37,32,362,159,356,159,118,29,10768,340,-58,398,189,-9
133,265,-10,1082,127,37,32,362,159,357,159,118,29,10792,339,-59,398,189,-10
125,256,-17,1033,125,32,35,360,144,360,144,112,28,10699,330,-65,395,256,-17
129,261,-13,1066,128,33,34,362,151,362,151,115,29,10725,334,-61,395,261,-13
125,257,-17,1036,125,32,34,360,145,360,145,112,28,10710,330,-64,394,257,-17
125,257,-16,1039,125,32,34,360,145,360,145,112,28,10678,330,-64,394,257,-16
125,257,-16,1039,125,32,34,360,145,360,145,112,28,10678,330,-64,394,257,-16
129,261,-13,1076,128,34,33,364,153,364,153,115,29,10742,334,-60,394,261,-13
127,258,-15,1055,128,32,35,363,146,363,146,113,28,10705,330,-63,393,258,-15
127,258,-15,1055,128,32,35,363,146,363,146,113,28,10705,330,-63,393,258,-15
133,265,-9,1083,127,37,32,365,158,354,158,118,29,10762,340,-58,398,190,-9
126,258,-15,1069,129,33,34,366,148,366,148,113,28,10709,330,-64,394,258,-15
132,265,-10,1085,127,36,32,362,158,360,158,117,29,10763,339,-59,398,188,-10
125,256,-17,1039,126,32,35,363,145,363,145,112,28,10707,329,-64,393,256,-17
134,266,-9,1085,127,37,32,364,160,357,160,118,29,10790,340,-58,398,190,-9
127,258,-15,1049,127,32,34,362,146,362,146,112,28,10685,329,-63,392,258,-15
127,258,-15,1052,127,32,34,362,146,362,146,112,28,10685,329,-63,392,258,-15
125,256,-17,1039,126,32,35,363,145,363,145,112,28,10707,329,-64,393,256,-17
125,256,-16,1041,125,32,35,362,145,362,145,112,28,10688,329,-64,393,256,-16
128,260,-13,1068,129,33,33,364,151,364,151,114,28,10720,332,-62,394,260,-13
126,257,-16,1052,128,32,35,364,146,364,146,112,28,10730,329,-64,393,257,-16
126,257,-16,1052,128,32,35,364,146,364,146,112,28,10730,329,-64,393,257,-16
126,257,-16,1052,128,32,35,364,146,364,146,112,28,10730,329,-64,393,257,-16
125,256,-17,1036,126,32,35,363,145,363,145,112,28,10674,328,-64,392,256,-17
125,256,-16,1041,125,32,35,362,145,362,145,111,28,10679,329,-64,393,256,-16
125,256,-16,1041,125,32,35,362,145,362,145,111,28,10679,329,-64,393,256,-16
124,255,-17,1037,126,32,35,363,145,363,145,111,28,10679,328,-65,393,255,-17
124,255,-17,1037,126,32,35,363,145,363,145,111,28,10679,328,-65,393,255,-17
132,265,-10,1088,127,37,32,363,160,360,160,117,29,10777,339,-59,398,189,-10
125,257,-16,1054,128,33,34,365,147,365,147,111,28,10697,329,-64,393,257,-16
125,257,-16,1054,128,33,34,365,147,365,147,111,28,10697,329,-64,393,257,-16
126,257,-15,1050,128,32,34,363,146,363,146,112,28,10697,329,-63,392,257,-15
126,257,-15,1050,128,32,34,363,146,363,146,112,28,10697,329,-63,392,257,-15
126,257,-15,1050,128,32,34,363,146,363,146,112,28,10697,329,-63,392,257,-15
126,257,-15,1050,128,32,34,363,146,363,146,112,28,10697,329,-63,392,257,-15
126,257,-15,1050,128,32,34,363,146,363,146,112,28,10697,329,-63,392,257,-15
125,256,-16,1043,125,32,35,362,146,362,146,111,28,10689,329,-63,392,256,-16
125,256,-17,1049,127,32,34,364,146,364,146,111,28,10685,328,-64,392,256,-17
125,256,-16,1043,125,32,35,362,146,362,146,111,28,10689,329,-63,392,256,-16
125,256,-16,1043,125,32,35,362,146,362,146,111,28,10689,329,-63,392,256,-16
125,256,-17,1049,127,32,34,364,146,364,146,111,28,10685,328,-64,392,256,-17
125,256,-17,1033,124,32,34,361,144,361,144,111,28,10663,328,-64,392,256,-17
125,256,-17,1033,124,32,34,361,144,361,144,111,28,10663,328,-64,392,256,-17
125,256,-16,1043,125,32,35,362,146,362,146,111,28,10689,329,-63,392,256,-16
125,256,-16,1043,125,32,35,362,146,362,146,111,28,10689,329,-63,392,256,-16
125,256,-16,1043,125,32,35,362,146,362,146,111,28,10689,329,-63,392,256,-16
125,256,-17,1049,127,32,34,364,146,364,146,111,28,10685,328,-64,392,256,-17
130,262,-12,1078,127,35,33,363,156,363,156,114,28,10724,335,-60,395,262,-12
130,262,-12,1078,127,35,33,363,156,363,156,114,28,10724,335,-60,395,262,-12
130,262,-12,1078,127,35,33,363,156,363,156,114,28,10724,335,-60,395,262,-12
126,257,-15,1050,128,32,34,363,146,363,146,112,28,10697,329,-63,392,257,-15
125,256,-17,1049,127,32,34,364,146,364,146,111,28,10685,328,-64,392,256,-17
125,256,-17,1049,127,32,34,364,146,364,146,111,28,10685,328,-64,392,256,-17
125,256,-16,1039,125,32,35,362,145,362,145,111,28,10685,329,-64,393,256,-16
125,256,-16,1039,125,32,35,362,145,362,145,111,28,10685,329,-64,393,256,-16
125,256,-17,1033,124,32,34,361,144,361,144,111,28,10663,328,-64,392,256,-17
130,262,-12,1073,127,34,33,363,153,363,153,114,28,10722,335,-59,394,262,-12
131,262,-11,1078,127,35,33,362,156,362,156,115,29,10702,336,-59,395,262,-11
125,256,-17,1039,126,32,35,363,145,363,145,111,28,10676,328,-64,392,256,-17
125,256,-17,1049,127,32,34,364,146,364,146,111,28,10685,328,-64,392,256,-17
124,256,-17,1037,126,32,35,363,145,363,145,111,28,10674,328,-64,392,256,-17
124,256,-17,1037,126,32,35,363,145,363,145,111,28,10674,328,-64,392,256,-17
124,256,-17,1034,124,32,34,361,145,361,145,111,28,10667,328,-64,392,256,-17
124,256,-17,1034,124,32,34,361,145,361,145,111,28,10667,328,-64,392,256,-17
125,256,-17,1049,127,32,34,364,146,364,146,111,28,10685,328,-64,392,256,-17
131,262,-10,1078,127,35,33,362,156,362,156,115,29,10693,336,-59,395,262,-10
125,256,-16,1042,125,32,35,361,146,361,146,111,28,10684,328,-63,391,256,-16
125,257,-16,1054,128,33,34,365,147,365,147,111,28,10693,328,-64,392,257,-16
125,257,-16,1054,128,33,34,365,147,365,147,111,28,10693,328,-64,392,257,-16
125,257,-16,1054,128,33,34,365,147,365,147,111,28,10693,328,-64,392,257,-16
131,263,-11,1079,127,35,33,363,156,363,156,114,29,10718,335,-58,393,263,-11
125,256,-16,1042,125,32,35,361,146,361,146,111,28,10689,328,-63,391,256,-16
125,256,-16,1042,125,32,35,361,146,361,146,111,28,10689,328,-63,391,256,-16
125,256,-17,1048,126,32,34,363,146,363,146,111,28,10700,328,-64,392,256,-17
125,256,-16,1042,125,32,35,361,146,361,146,111,28,10689,328,-63,391,256,-16
124,255,-17,1034,124,32,34,361,145,361,145,111,28,10655,328,-64,392,255,-17
125,256,-16,1042,125,32,35,361,146,361,146,111,28,10684,328,-63,391,256,-16
125,256,-16,1042,125,32,35,361,146,361,146,111,28,10689,328,-63,391,256,-16
125,256,-16,1042,125,32,35,361,146,361,146,111,28,10684,328,-63,391,256,-16
125,256,-16,1042,125,32,35,361,146,361,146,111,28,10689,328,-63,391,256,-16
134,266,-9,1086,128,37,32,365,159,357,159,117,29,10784,340,-58,398,191,-9
125,256,-16,1042,125,32,35,361,146,361,146,111,28,10689,328,-63,391,256,-16
126,257,-15,1048,126,32,34,361,146,361,146,111,28,10690,329,-63,392,257,-15
126,257,-15,1048,126,32,34,361,146,361,146,111,28,10690,329,-63,392,257,-15
126,257,-15,1048,126,32,34,361,146,361,146,111,28,10690,329,-63,392,257,-15
126,257,-15,1048,126,32,34,361,146,361,146,111,28,10690,329,-63,392,257,-15
126,257,-15,1048,126,32,34,361,146,361,146,111,28,10690,329,-63,392,257,-15
125,256,-16,1042,125,32,35,361,146,361,146,111,28,10684,328,-63,391,256,-16
125,256,-16,1042,125,32,35,361,146,361,146,111,28,10684,328,-63,391,256,-16
125,256,-16,1042,125,32,35,361,146,361,146,111,28,10684,328,-63,391,256,-16
125,256,-16,1042,125,32,35,361,146,361,146,111,28,10689,328,-63,391,256,-16
125,256,-16,1039,126,32,35,363,145,363,145,111,28,10667,328,-64,392,256,-16
125,256,-16,1039,126,32,35,363,145,363,145,111,28,10667,328,-64,392,256,-16
125,256,-16,1042,125,32,35,361,146,361,146,111,28,10689,328,-63,391,256,-16
125,256,-16,1042,125,32,35,361,146,361,146,111,28,10689,328,-63,391,256,-16
125,256,-16,1042,125,32,35,361,146,361,146,111,28,10689,328,-63,391,256,-16
125,256,-16,1042,125,32,35,361,146,361,146,111,28,10684,328,-63,391,256,-16
125,256,-16,1042,125,32,35,361,146,361,146,111,28,10684,328,-63,391,256,-16
125,256,-16,1042,125,32,35,361,146,361,146,111,28,10689,328,-63,391,256,-16
125,256,-16,1042,125,32,35,361,146,361,146,111,28,10684,328,-63,391,256,-16
125,256,-16,1042,125,32,35,361,146,361,146,111,28,10689,328,-63,391,256,-16
125,256,-16,1034,124,32,34,361,145,361,145,111,28,10654,328,-64,392,256,-16
125,256,-16,1042,125,32,35,361,146,361,146,111,28,10684,328,-63,391,256,-16
125,256,-16,1042,125,32,35,361,146,361,146,111,28,10684,328,-63,391,256,-16
125,256,-16,1042,125,32,35,361,146,361,146,111,28,10684,328,-63,391,256,-16
125,256,-16,1042,125,32,35,361,146,361,146,111,28,10684,328,-63,391,256,-16
126,257,-15,1048,126,32,34,361,146,361,146,111,28,10690,329,-63,392,257,-15
125,256,-16,1042,125,32,35,361,146,361,146,111,28,10689,328,-63,391,256,-16
125,256,-16,1042,125,32,35,361,146,361,146,111,28,10684,328,-63,391,256,-16
125,256,-16,1042,125,32,35,361,146,361,146,111,28,10684,328,-63,391,256,-16
124,255,-17,1040,126,32,35,363,146,363,146,111,28,10657,327,-64,391,255,-17
126,256,-15,1042,125,32,35,361,146,361,146,111,28,10640,328,-63,391,256,-15
124,255,-17,1040,126,32,35,363,146,363,146,111,28,10657,327,-64,391,255,-17
126,256,-15,1042,125,32,35,361,146,361,146,111,28,10640,328,-63,391,256,-15
125,256,-16,1042,125,32,35,361,146,361,146,111,28,10660,328,-63,391,256,-16
125,256,-16,1042,125,32,35,361,146,361,146,111,28,10660,328,-63,391,256,-16
125,256,-16,1042,125,32,35,361,146,361,146,111,28,10660,328,-63,391,256,-16
126,256,-15,1042,125,32,35,361,146,361,146,111,28,10640,328,-63,391,256,-15
126,256,-15,1042,125,32,35,361,146,361,146,111,28,10640,328,-63,391,256,-15
125,256,-15,1042,125,32,35,361,146,361,146,111,28,10645,328,-63,391,256,-15
126,256,-15,1042,125,32,35,361,146,361,146,111,28,10640,328,-63,391,256,-15
126,256,-15,1042,125,32,35,361,146,361,146,111,28,10640,328,-63,391,256,-15
124,255,-17,1034,124,32,34,361,145,361,145,110,28,10657,327,-64,391,255,-17
125,256,-16,1042,125,32,35,361,146,361,146,111,28,10660,328,-63,391,256,-16
126,256,-15,1042,125,32,35,361,146,361,146,111,28,10640,328,-63,391,256,-15
126,256,-15,1042,125,32,35,361,146,361,146,111,28,10640,328,-63,391,256,-15
125,256,-16,1042,125,32,35,361,146,361,146,111,28,10660,328,-63,391,256,-16
125,256,-16,1042,125,32,35,361,146,361,146,111,28,10660,328,-63,391,256,-16
126,256,-15,1042,125,32,35,361,146,361,146,111,28,10640,328,-63,391,256,-15
125,256,-16,1042,125,32,35,361,146,361,146,110,28,10650,327,-63,390,256,-16
125,256,-16,1042,125,32,35,361,146,361,146,110,28,10650,327,-63,390,256,-16
126,257,-15,1058,127,33,34,364,148,364,148,111,28,10681,328,-62,390,257,-15
126,257,-15,1058,127,33,34,364,148,364,148,111,28,10681,328,-62,390,257,-15
126,257,-15,1058,127,33,34,364,148,364,148,111,28,10681,328,-62,390,257,-15
126,257,-15,1058,127,33,34,364,148,364,148,111,28,10681,328,-62,390,257,-15
125,256,-16,1046,125,32,34,361,146,361,146,110,28,10670,327,-63,390,256,-16
126,257,-15,1058,127,33,34,364,148,364,148,111,28,10681,328,-62,390,257,-15
126,257,-16,1059,127,33,34,364,148,364,148,111,28,10699,328,-63,391,257,-16
126,257,-16,1059,127,33,34,364,148,364,148,111,28,10699,328,-63,391,257,-16
129,261,-12,1066,126,34,33,361,153,361,153,113,28,10678,333,-59,392,261,-12
126,257,-15,1062,127,33,34,364,149,364,149,111,28,10674,328,-62,390,257,-15
126,257,-15,1063,127,33,34,364,149,364,149,111,28,10673,328,-62,390,257,-15
125,256,-16,1046,125,32,34,361,146,361,146,110,28,10649,327,-62,389,256,-16
132,265,-9,1085,127,36,32,360,159,360,159,116,29,10745,338,-57,395,188,-9
124,255,-17,1038,124,32,34,361,146,361,146,109,27,10637,326,-64,390,255,-17
124,255,-16,1038,124,32,34,360,146,360,146,109,27,10636,326,-64,390,255,-16
124,255,-16,1038,124,32,34,360,146,360,146,109,27,10636,326,-64,390,255,-16
124,255,-16,1036,124,32,34,360,146,360,146,109,27,10616,326,-64,390,255,-16
126,257,-14,1063,127,33,34,363,150,363,150,111,28,10654,327,-62,389,257,-14
124,255,-16,1037,124,32,34,360,146,360,146,109,27,10627,326,-64,390,255,-16
124,255,-16,1037,124,32,34,360,146,360,146,109,27,10627,326,-64,390,255,-16
124,255,-16,1037,124,32,34,360,146,360,146,109,27,10627,326,-64,390,255,-16
124,255,-16,1037,124,32,34,360,146,360,146,109,27,10627,326,-64,390,255,-16
124,255,-16,1037,124,32,34,360,146,360,146,109,27,10627,326,-64,390,255,-16
124,255,-16,1037,124,32,34,360,146,360,146,109,27,10627,326,-64,390,255,-16
124,255,-16,1036,124,32,34,360,146,360,146,109,27,10616,326,-64,390,255,-16
124,255,-16,1036,124,32,34,360,146,360,146,109,27,10616,326,-64,390,255,-16
124,255,-16,1038,124,32,34,360,146,360,146,109,27,10620,326,-64,390,255,-16
124,255,-16,1036,124,32,34,360,146,360,146,109,27,10616,326,-64,390,255,-16
125,255,-16,1043,126,32,35,363,146,363,146,110,28,10616,326,-64,390,255,-16
125,255,-16,1043,126,32,35,363,146,363,146,110,28,10616,326,-64,390,255,-16
125,255,-16,1043,126,32,35,363,146,363,146,110,28,10616,326,-64,390,255,-16
125,255,-16,1043,126,32,35,363,146,363,146,110,28,10616,326,-64,390,255,-16
125,255,-16,1043,126,32,35,363,146,363,146,110,28,10616,326,-64,390,255,-16
125,255,-16,1043,126,32,35,363,146,363,146,110,28,10616,326,-64,390,255,-16
133,266,-9,1089,127,37,32,362,161,360,161,117,29,10758,340,-56,396,189,-9
133,266,-9,1089,127,37,32,362,161,360,161,117,29,10758,340,-56,396,189,-9
133,266,-9,1089,127,37,32,362,161,360,161,117,29,10758,340,-56,396,189,-9
133,266,-9,1089,127,37,32,362,161,360,161,117,29,10758,340,-56,396,189,-9
133,266,-9,1089,127,37,32,362,161,360,161,117,29,10758,340,-56,396,189,-9
124,255,-16,1040,125,32,35,362,146,362,146,109,28,10608,325,-64,389,255,-16
135,267,-7,1085,127,37,32,361,161,357,161,117,29,10744,342,-55,397,191,-7
124,255,-16,1040,125,32,35,362,146,362,146,109,28,10608,325,-64,389,255,-16
125,256,-16,1047,125,32,34,362,147,362,147,110,28,10649,326,-63,389,256,-16
135,267,-7,1085,127,37,32,361,161,357,161,117,29,10744,342,-55,397,191,-7
135,267,-7,1085,127,37,32,361,161,357,161,117,29,10744,342,-55,397,191,-7
125,256,-15,1042,125,32,35,362,146,362,146,110,28,10631,326,-63,389,256,-15
124,254,-16,1038,125,32,35,362,146,362,146,109,28,10595,325,-63,388,254,-16
124,254,-16,1038,125,32,35,362,146,362,146,109,28,10595,325,-63,388,254,-16
124,255,-16,1039,125,32,35,362,146,362,146,109,28,10610,325,-63,388,255,-16
124,255,-16,1039,125,32,35,362,146,362,146,109,28,10610,325,-63,388,255,-16
124,255,-16,1039,125,32,35,362,146,362,146,109,28,10610,325,-63,388,255,-16
124,255,-16,1039,125,32,35,362,146,362,146,109,28,10610,325,-63,388,255,-16
124,255,-16,1039,125,32,35,362,146,362,146,109,28,10610,325,-63,388,255,-16
124,255,-16,1039,125,32,35,362,146,362,146,109,28,10610,325,-63,388,255,-16
124,255,-16,1039,125,32,35,362,146,362,146,109,28,10610,325,-63,388,255,-16
124,255,-16,1039,125,32,35,362,146,362,146,109,28,10604,325,-63,388,255,-16
124,255,-16,1039,125,32,35,362,146,362,146,109,28,10604,325,-63,388,255,-16
135,267,-7,1083,127,37,32,361,160,356,160,117,29,10746,341,-56,397,192,-7
124,255,-16,1039,125,32,35,362,146,362,146,109,28,10610,325,-63,388,255,-16
124,255,-16,1039,125,32,35,362,146,362,146,109,28,10604,325,-63,388,255,-16
124,255,-16,1039,125,32,35,362,146,362,146,109,28,10610,325,-63,388,255,-16
136,267,-7,1085,127,37,32,362,162,354,162,117,29,10758,341,-57,398,191,-7
124,255,-16,1039,125,32,35,362,146,362,146,109,28,10604,325,-63,388,255,-16
135,267,-7,1085,127,37,32,361,161,357,161,117,29,10764,341,-55,396,191,-7
124,255,-16,1039,125,32,35,362,146,362,146,109,28,10604,325,-63,388,255,-16
124,255,-16,1039,125,32,35,362,146,362,146,109,28,10610,325,-63,388,255,-16
124,255,-16,1039,125,32,35,362,146,362,146,109,28,10604,325,-63,388,255,-16
124,255,-16,1039,125,32,35,362,146,362,146,109,28,10604,325,-63,388,255,-16
124,255,-16,1039,125,32,35,362,146,362,146,109,28,10610,325,-63,388,255,-16
124,255,-16,1039,125,32,35,362,146,362,146,109,28,10604,325,-63,388,255,-16
124,255,-16,1039,125,32,35,362,146,362,146,109,28,10604,325,-63,388,255,-16
124,255,-16,1039,125,32,35,362,146,362,146,109,28,10604,325,-63,388,255,-16
124,254,-17,1041,125,32,35,362,146,362,146,108,27,10636,324,-63,387,254,-17
124,254,-17,1041,125,32,35,362,146,362,146,108,27,10636,324,-63,387,254,-17
124,254,-17,1041,125,32,35,362,146,362,146,108,27,10636,324,-63,387,254,-17
124,254,-17,1041,125,32,35,362,146,362,146,108,27,10636,324,-63,387,254,-17
124,254,-17,1041,125,32,35,362,146,362,146,108,27,10636,324,-63,387,254,-17
124,254,-16,1042,125,32,35,362,146,362,146,109,28,10612,325,-63,388,254,-16
124,254,-16,1042,125,32,35,362,146,362,146,109,28,10612,325,-63,388,254,-16
124,254,-16,1042,125,32,35,362,146,362,146,109,28,10612,325,-63,388,254,-16
124,254,-16,1042,125,32,35,362,146,362,146,109,28,10612,325,-63,388,254,-16
124,255,-16,1039,125,32,35,362,146,362,146,108,27,10632,325,-62,387,255,-16
124,254,-17,1041,125,32,35,362,146,362,146,108,27,10636,324,-63,387,254,-17
124,255,-16,1039,125,32,35,362,146,362,146,108,27,10632,325,-62,387,255,-16
134,266,-8,1090,127,37,32,361,161,361,161,116,29,10733,339,-56,395,266,-8
134,266,-8,1090,127,37,32,361,161,361,161,116,29,10733,339,-56,395,266,-8
134,266,-8,1090,127,37,32,361,161,361,161,116,29,10733,339,-56,395,266,-8
134,266,-8,1090,127,37,32,361,161,361,161,116,29,10733,339,-56,395,266,-8
134,266,-8,1090,127,37,32,361,161,361,161,116,29,10733,339,-56,395,266,-8
134,266,-8,1090,127,37,32,361,161,361,161,116,29,10733,339,-56,395,266,-8
134,266,-8,1090,127,37,32,361,161,361,161,116,29,10733,339,-56,395,266,-8
134,266,-8,1090,127,37,32,361,161,361,161,116,29,10733,339,-56,395,266,-8
134,266,-8,1090,127,37,32,361,161,361,161,116,29,10733,339,-56,395,266,-8
134,266,-8,1090,127,37,32,361,161,361,161,116,29,10733,339,-56,395,266,-8
134,266,-8,1090,127,37,32,361,161,361,161,116,29,10733,339,-56,395,266,-8
136,268,-7,1083,127,37,31,364,160,348,160,117,29,10749,341,-56,397,193,-7
136,268,-7,1083,127,37,31,364,160,348,160,117,29,10749,341,-56,397,193,-7
136,268,-7,1083,127,37,31,364,160,348,160,117,29,10749,341,-56,397,193,-7
124,255,-16,1039,125,32,35,362,146,362,146,108,27,10632,325,-62,387,255,-16
124,255,-16,1039,125,32,35,362,146,362,146,108,27,10632,325,-62,387,255,-16
134,267,-8,1089,127,37,32,361,162,359,162,117,29,10760,340,-55,395,191,-8
133,265,-8,1086,127,36,32,360,160,360,160,115,29,10713,338,-56,394,265,-8
134,267,-8,1089,127,37,32,361,162,359,162,117,29,10760,340,-55,395,191,-8
135,267,-7,1083,127,37,32,358,162,356,162,116,29,10744,341,-55,396,191,-7
124,254,-16,1039,125,32,35,362,146,362,146,108,27,10584,324,-63,387,254,-16
124,254,-16,1039,125,32,35,362,146,362,146,108,27,10584,324,-63,387,254,-16
124,255,-15,1038,125,32,35,362,146,362,146,108,27,10599,325,-63,388,255,-15
124,255,-15,1038,125,32,35,362,146,362,146,108,27,10599,325,-63,388,255,-15
124,255,-15,1038,125,32,35,362,146,362,146,108,27,10599,325,-63,388,255,-15
124,255,-15,1038,125,32,35,362,146,362,146,108,27,10599,325,-63,388,255,-15
124,255,-15,1038,125,32,35,362,146,362,146,108,27,10599,325,-63,388,255,-15
124,255,-15,1038,125,32,35,362,146,362,146,108,27,10599,325,-63,388,255,-15
124,255,-15,1038,125,32,35,362,146,362,146,108,27,10599,325,-63,388,255,-15
124,255,-15,1038,125,32,35,362,146,362,146,108,27,10599,325,-63,388,255,-15
124,255,-15,1038,125,32,35,362,146,362,146,108,27,10599,325,-63,388,255,-15
124,255,-15,1038,125,32,35,362,146,362,146,108,27,10599,325,-63,388,255,-15
124,255,-15,1038,125,32,35,362,146,362,146,108,27,10599,325,-63,388,255,-15
125,256,-15,1048,125,33,34,362,149,362,149,109,28,10619,326,-62,388,256,-15
125,256,-15,1048,125,33,34,362,149,362,149,109,28,10619,326,-62,388,256,-15
124,255,-15,1038,125,32,35,362,146,362,146,108,27,10599,325,-63,388,255,-15
135,267,-7,1083,127,37,32,358,162,356,162,116,29,10744,341,-55,396,191,-7
131,263,-9,1067,125,35,33,360,157,360,157,111,28,10655,333,-55,388,263,-9
124,255,-15,1038,125,32,35,362,146,362,146,108,27,10599,325,-63,388,255,-15
124,255,-15,1038,125,32,35,362,146,362,146,108,27,10599,325,-63,388,255,-15
124,255,-15,1038,125,32,35,362,146,362,146,108,27,10599,325,-63,388,255,-15
124,255,-15,1038,125,32,35,362,146,362,146,108,27,10599,325,-63,388,255,-15
134,266,-8,1092,128,37,32,362,162,359,162,116,29,10744,340,-56,396,190,-8
124,254,-16,1039,125,32,35,362,146,362,146,108,27,10584,324,-63,387,254,-16
124,255,-15,1038,125,32,35,362,146,362,146,108,27,10599,325,-63,388,255,-15
124,255,-15,1038,125,32,35,362,146,362,146,108,27,10599,325,-63,388,255,-15
124,255,-15,1038,125,32,35,362,146,362,146,108,27,10599,325,-63,388,255,-15
124,254,-16,1039,125,32,35,362,146,362,146,108,27,10584,324,-63,387,254,-16
124,254,-16,1039,125,32,35,362,146,362,146,108,27,10584,324,-63,387,254,-16
124,255,-15,1038,125,32,35,362,146,362,146,108,27,10599,325,-63,388,255,-15
124,255,-15,1038,125,32,35,362,146,362,146,108,27,10599,325,-63,388,255,-15
124,255,-15,1038,125,32,35,362,146,362,146,108,27,10599,325,-63,388,255,-15
124,254,-16,1039,125,32,35,362,146,362,146,108,27,10584,324,-63,387,254,-16
124,254,-16,1039,125,32,35,362,146,362,146,108,27,10584,324,-63,387,254,-16
124,255,-15,1038,125,32,35,362,146,362,146,108,27,10599,325,-63,388,255,-15
124,254,-16,1039,125,32,35,362,146,362,146,108,27,10604,324,-62,386,254,-16
124,254,-16,1039,125,32,35,362,146,362,146,108,27,10604,324,-62,386,254,-16
126,257,-15,1051,125,33,34,360,150,360,150,109,28,10642,327,-62,389,257,-15
124,254,-16,1039,125,32,35,362,146,362,146,108,27,10593,324,-62,386,254,-16
124,254,-16,1039,125,32,35,362,146,362,146,108,27,10604,324,-62,386,254,-16
135,267,-6,1083,127,37,32,358,162,356,162,116,29,10713,341,-54,395,190,-6
124,254,-16,1039,125,32,35,362,146,362,146,108,27,10604,324,-62,386,254,-16
124,254,-16,1039,125,32,35,362,146,362,146,108,27,10604,324,-62,386,254,-16
124,254,-16,1039,125,32,35,362,146,362,146,108,27,10604,324,-62,386,254,-16
124,254,-16,1039,125,32,35,362,146,362,146,108,27,10604,324,-62,386,254,-16
124,254,-16,1039,125,32,35,362,146,362,146,108,27,10604,324,-62,386,254,-16
124,254,-16,1039,125,32,35,362,146,362,146,108,27,10604,324,-62,386,254,-16
124,254,-16,1039,125,32,35,362,146,362,146,108,27,10604,324,-62,386,254,-16
124,254,-16,1039,125,32,35,362,146,362,146,108,27,10593,324,-62,386,254,-16
124,254,-16,1039,125,32,35,362,146,362,146,108,27,10593,324,-62,386,254,-16
124,254,-16,1039,125,32,35,362,146,362,146,108,27,10604,324,-62,386,254,-16
124,254,-16,1039,125,32,35,362,146,362,146,108,27,10604,324,-62,386,254,-16
124,254,-16,1039,125,32,35,362,146,362,146,108,27,10604,324,-62,386,254,-16
135,267,-6,1083,127,37,32,358,162,356,162,116,29,10713,341,-54,395,190,-6
134,265,-6,1078,125,36,32,359,160,359,160,114,29,10670,339,-53,392,265,-6
134,265,-6,1078,125,36,32,359,160,359,160,114,29,10670,339,-53,392,265,-6
134,265,-6,1078,125,36,32,359,160,359,160,114,29,10670,339,-53,392,265,-6
134,267,-7,1090,127,37,32,361,162,358,162,115,29,10759,340,-55,395,190,-7
134,267,-7,1090,127,37,32,361,162,358,162,115,29,10759,340,-55,395,190,-7
125,255,-15,1035,123,32,34,358,146,358,146,108,27,10590,324,-62,386,255,-15
125,255,-15,1035,123,32,34,358,146,358,146,108,27,10590,324,-62,386,255,-15
134,267,-7,1090,127,37,32,361,162,358,162,115,29,10759,340,-55,395,190,-7
124,254,-15,1042,125,32,35,362,146,362,146,108,27,10566,324,-63,387,254,-15
134,265,-6,1078,125,36,32,359,160,359,160,114,29,10670,339,-53,392,265,-6
134,265,-6,1078,125,36,32,359,160,359,160,114,29,10670,339,-53,392,265,-6
125,256,-15,1045,125,33,34,362,149,362,149,108,27,10612,326,-62,388,256,-15
125,256,-15,1048,125,33,34,362,149,362,149,108,27,10607,325,-62,387,256,-15
134,265,-6,1078,125,36,32,359,160,359,160,114,29,10670,339,-53,392,265,-6
125,256,-15,1045,125,33,34,362,149,362,149,108,27,10612,326,-62,388,256,-15
133,264,-6,1073,124,36,32,359,160,359,160,112,28,10625,336,-53,389,264,-6
137,268,-5,1082,127,37,31,361,161,350,161,115,29,10729,341,-54,395,193,-5
137,268,-5,1082,127,37,31,361,161,350,161,115,29,10729,341,-54,395,193,-5
137,268,-5,1082,127,37,31,361,161,350,161,115,29,10735,341,-54,395,192,-5
137,268,-5,1082,127,37,31,361,161,350,161,115,29,10735,341,-54,395,192,-5
137,268,-5,1082,127,37,31,361,161,350,161,115,29,10735,341,-54,395,192,-5
137,268,-5,1082,127,37,31,361,161,350,161,115,29,10735,341,-54,395,192,-5
124,254,-15,1037,123,32,34,358,146,358,146,108,27,10561,324,-62,386,254,-15
128,259,-12,1056,125,34,33,360,152,360,152,109,28,10614,329,-59,388,259,-12
124,254,-15,1034,124,32,34,359,146,359,146,107,27,10548,323,-62,385,254,-15
134,266,-7,1093,128,37,32,362,164,358,164,115,29,10727,339,-55,394,190,-7
137,268,-6,1085,127,37,31,361,163,351,163,115,29,10744,341,-54,395,192,-6
132,263,-7,1068,124,36,32,358,159,358,159,110,28,10622,334,-53,387,263,-7
132,263,-7,1068,124,36,32,358,159,358,159,110,28,10622,334,-53,387,263,-7
132,263,-7,1068,124,36,32,358,159,358,159,110,28,10622,334,-53,387,263,-7
132,263,-7,1068,124,36,32,358,159,358,159,110,28,10622,334,-53,387,263,-7
132,263,-7,1066,124,36,32,357,159,357,159,110,28,10586,333,-53,386,263,-7
125,255,-14,1037,123,32,34,357,147,357,147,108,28,10557,324,-61,385,255,-14
125,255,-14,1037,123,32,34,357,147,357,147,108,28,10557,324,-61,385,255,-14
125,255,-14,1037,123,32,34,357,147,357,147,108,28,10557,324,-61,385,255,-14
125,255,-14,1037,123,32,34,357,147,357,147,108,28,10557,324,-61,385,255,-14
125,255,-14,1037,123,32,34,357,147,357,147,108,28,10557,324,-61,385,255,-14
127,257,-13,1047,124,33,33,358,150,358,150,108,27,10610,327,-60,387,257,-13
127,257,-13,1047,124,33,33,358,150,358,150,108,27,10610,327,-60,387,257,-13
132,263,-7,1066,124,36,32,357,159,357,159,110,28,10586,333,-53,386,263,-7
127,257,-13,1047,124,33,33,358,150,358,150,108,27,10610,327,-60,387,257,-13
127,257,-13,1047,124,33,33,358,150,358,150,108,27,10610,327,-60,387,257,-13
127,257,-13,1047,124,33,33,358,150,358,150,108,27,10610,327,-60,387,257,-13
134,266,-6,1076,125,36,32,357,161,357,161,112,28,10676,338,-53,391,266,-6
127,257,-13,1047,124,33,33,358,150,358,150,108,27,10610,327,-60,387,257,-13
127,258,-13,1047,124,33,33,359,150,359,150,108,27,10621,327,-59,386,258,-13
127,257,-13,1047,124,33,33,358,150,358,150,108,27,10610,327,-60,387,257,-13
132,263,-7,1066,124,36,32,357,159,357,159,110,28,10586,333,-53,386,263,-7
127,258,-13,1047,124,33,33,359,150,359,150,108,27,10621,327,-59,386,258,-13
127,257,-13,1047,124,33,33,358,150,358,150,108,27,10610,327,-60,387,257,-13
127,258,-13,1047,124,33,33,359,150,359,150,108,27,10621,327,-59,386,258,-13
124,253,-15,1027,122,32,34,357,146,357,146,106,27,10533,322,-61,383,253,-15
127,258,-13,1047,124,33,33,359,150,359,150,108,27,10621,327,-59,386,258,-13
127,257,-13,1047,124,33,33,358,150,358,150,108,27,10610,327,-60,387,257,-13
127,258,-13,1047,124,33,33,359,150,359,150,108,27,10621,327,-59,386,258,-13
127,258,-12,1047,124,33,33,359,150,359,150,108,27,10598,327,-59,386,258,-12
127,258,-12,1047,124,33,33,359,150,359,150,108,27,10598,327,-59,386,258,-12
127,258,-12,1047,124,33,33,359,150,359,150,108,27,10598,327,-59,386,258,-12
127,258,-13,1047,124,33,33,358,150,358,150,108,27,10609,327,-60,387,258,-13
127,258,-12,1047,124,33,33,359,150,359,150,108,27,10598,327,-59,386,258,-12
127,258,-12,1047,124,33,33,359,150,359,150,108,27,10598,327,-59,386,258,-12
127,258,-12,1047,124,33,33,359,150,359,150,108,27,10598,327,-59,386,258,-12
127,258,-13,1047,124,33,33,358,150,358,150,108,27,10609,327,-60,387,258,-13
125,255,-14,1039,123,32,34,358,148,358,148,107,27,10555,324,-61,385,255,-14
127,258,-12,1047,124,33,33,359,150,359,150,108,27,10598,327,-59,386,258,-12
127,258,-12,1047,124,33,33,359,150,359,150,108,27,10598,327,-59,386,258,-12
127,258,-12,1047,124,33,33,359,150,359,150,108,27,10598,327,-59,386,258,-12
127,258,-12,1047,124,33,33,359,150,359,150,108,27,10598,327,-59,386,258,-12
127,258,-13,1047,124,33,33,358,150,358,150,108,27,10609,327,-60,387,258,-13
127,258,-12,1047,124,33,33,359,150,359,150,108,27,10598,327,-59,386,258,-12
127,258,-12,1047,124,33,33,359,150,359,150,108,27,10598,327,-59,386,258,-12
127,258,-12,1047,124,33,33,359,150,359,150,108,27,10598,327,-59,386,258,-12
127,258,-12,1047,124,33,33,359,150,359,150,108,27,10598,327,-59,386,258,-12
127,258,-12,1047,124,33,33,359,150,359,150,108,27,10598,327,-59,386,258,-12
127,258,-12,1047,124,33,33,359,150,359,150,108,27,10598,327,-59,386,258,-12
127,258,-12,1047,124,33,33,359,150,359,150,108,27,10598,327,-59,386,258,-12
127,258,-12,1047,124,33,33,359,150,359,150,108,27,10598,327,-59,386,258,-12
127,258,-12,1047,124,33,33,359,150,359,150,108,27,10598,327,-59,386,258,-12
127,258,-12,1047,124,33,33,359,150,359,150,108,27,10598,327,-59,386,258,-12
127,258,-12,1047,124,33,33,359,150,359,150,108,27,10598,327,-59,386,258,-12
125,255,-14,1039,123,32,34,358,148,358,148,107,27,10555,324,-61,385,255,-14
125,255,-14,1040,123,33,34,358,149,358,149,107,27,10568,324,-61,385,255,-14
125,255,-14,1040,123,33,34,358,149,358,149,107,27,10568,324,-61,385,255,-14
125,255,-14,1040,123,33,34,358,149,358,149,107,27,10568,324,-61,385,255,-14
125,255,-14,1040,123,33,34,358,149,358,149,107,27,10568,324,-61,385,255,-14
125,254,-14,1029,123,32,34,359,146,359,146,106,27,10533,323,-61,384,254,-14
125,254,-14,1041,124,33,34,360,149,360,149,107,27,10532,323,-61,384,254,-14
125,254,-14,1041,124,33,34,360,149,360,149,107,27,10532,323,-61,384,254,-14
128,259,-11,1046,124,34,33,358,152,358,152,108,28,10587,328,-57,385,259,-11
133,264,-6,1072,124,36,32,359,160,359,160,110,28,10611,335,-53,388,264,-6
133,264,-6,1072,124,36,32,359,160,359,160,110,28,10611,335,-53,388,264,-6
125,254,-14,1036,123,32,34,358,148,358,148,106,27,10534,323,-61,384,254,-14
125,254,-14,1036,123,32,34,358,148,358,148,106,27,10534,323,-61,384,254,-14
125,254,-15,1042,124,33,34,360,149,360,149,107,27,10562,323,-61,384,254,-15
125,254,-15,1042,124,33,34,360,149,360,149,107,27,10562,323,-61,384,254,-15
125,254,-15,1042,124,33,34,360,149,360,149,107,27,10562,323,-61,384,254,-15
133,264,-5,1072,124,36,32,359,160,359,160,110,28,10575,334,-51,385,264,-5
133,264,-5,1072,124,36,32,359,160,359,160,110,28,10575,334,-51,385,264,-5
132,262,-7,1066,123,36,32,359,159,359,159,109,28,10586,332,-54,386,262,-7
126,256,-13,1041,123,33,34,358,150,358,150,107,27,10565,325,-59,384,256,-13
126,256,-13,1041,123,33,34,358,150,358,150,107,27,10565,325,-59,384,256,-13
126,256,-13,1040,123,33,34,358,150,358,150,107,27,10558,325,-59,384,256,-13
126,256,-13,1040,123,33,34,358,150,358,150,107,27,10558,325,-59,384,256,-13
126,256,-13,1040,123,33,34,358,150,358,150,107,27,10558,325,-59,384,256,-13
126,256,-13,1040,123,33,34,358,150,358,150,107,27,10558,325,-59,384,256,-13
126,256,-13,1040,123,33,34,358,150,358,150,107,27,10558,325,-59,384,256,-13
126,256,-13,1040,123,33,34,358,150,358,150,107,27,10558,325,-59,384,256,-13
126,256,-13,1040,123,33,34,358,150,358,150,107,27,10558,325,-59,384,256,-13
126,256,-13,1040,123,33,34,358,150,358,150,107,27,10558,325,-59,384,256,-13
126,256,-13,1040,123,33,34,358,150,358,150,107,27,10558,325,-59,384,256,-13
126,256,-13,1040,123,33,34,358,150,358,150,107,27,10558,325,-59,384,256,-13
134,265,-4,1077,125,37,32,359,162,359,162,111,28,10596,336,-50,386,265,-4
135,267,-7,1095,128,37,31,362,165,358,165,113,28,10729,339,-54,393,191,-7
125,254,-13,1024,121,32,34,355,146,355,146,106,27,10492,322,-60,382,254,-13
133,263,-5,1068,123,36,32,359,161,359,161,109,28,10559,333,-51,384,263,-5
127,256,-12,1036,122,33,34,356,150,356,150,107,27,10535,325,-58,383,256,-12
127,256,-12,1036,122,33,34,356,150,356,150,107,27,10535,325,-58,383,256,-12
127,256,-12,1036,122,33,34,356,150,356,150,107,27,10535,325,-58,383,256,-12
127,256,-12,1036,122,33,34,356,150,356,150,107,27,10535,325,-58,383,256,-12
127,256,-12,1036,122,33,34,356,150,356,150,107,27,10535,325,-58,383,256,-12
127,256,-12,1036,122,33,34,356,150,356,150,107,27,10535,325,-58,383,256,-12
127,256,-12,1036,122,33,34,356,150,356,150,107,27,10535,325,-58,383,256,-12
124,253,-14,1025,122,32,34,356,146,356,146,105,27,10489,321,-60,381,253,-14
124,253,-14,1025,122,32,34,356,146,356,146,104,27,10471,321,-61,382,253,-14
129,259,-10,1046,123,34,33,357,154,357,154,107,27,10553,328,-56,384,259,-10
129,260,-9,1046,123,34,33,357,154,357,154,107,27,10570,328,-55,383,260,-9
135,267,-5,1093,128,37,31,360,165,358,165,112,28,10707,339,-52,391,190,-5
129,259,-10,1046,123,34,33,357,154,357,154,107,27,10553,328,-56,384,259,-10
136,268,-6,1093,128,38,31,361,165,354,165,113,28,10743,340,-53,393,192,-6
127,257,-12,1035,122,33,33,355,150,355,150,107,27,10539,326,-58,384,257,-12
127,256,-11,1032,121,33,33,354,150,354,150,106,27,10491,326,-57,383,256,-11
125,253,-13,1023,122,32,34,355,146,355,146,104,27,10455,322,-59,381,253,-13
127,257,-11,1032,121,33,33,354,150,354,150,106,27,10525,325,-57,382,257,-11
124,252,-14,1021,122,32,34,355,145,355,145,104,27,10460,320,-61,381,252,-14
125,254,-14,1023,122,32,34,355,146,355,146,105,27,10510,322,-60,382,254,-14
126,255,-13,1034,121,33,33,355,150,355,150,106,27,10505,324,-59,383,255,-13
126,255,-13,1034,121,33,33,355,150,355,150,106,27,10505,324,-59,383,255,-13
138,269,-4,1085,127,37,31,360,164,352,164,113,28,10698,341,-51,392,192,-4
138,269,-4,1085,127,37,31,360,164,352,164,113,28,10698,341,-51,392,192,-4
127,257,-11,1036,122,33,33,355,150,355,150,106,27,10512,325,-57,382,257,-11
138,269,-4,1085,127,37,31,360,164,352,164,113,28,10698,341,-51,392,192,-4
125,254,-14,1023,122,32,34,355,146,355,146,105,27,10510,322,-60,382,254,-14
124,252,-14,1021,122,32,34,355,146,355,146,104,27,10443,320,-61,381,252,-14
124,252,-14,1021,122,32,34,355,146,355,146,104,27,10443,320,-61,381,252,-14
124,252,-14,1021,122,32,34,355,146,355,146,104,27,10443,320,-61,381,252,-14
124,252,-14,1021,122,32,34,355,146,355,146,104,27,10443,320,-61,381,252,-14
124,252,-14,1021,122,32,34,355,146,355,146,104,27,10443,320,-61,381,252,-14
128,257,-10,1034,122,33,33,355,150,355,150,106,27,10491,325,-56,381,257,-10
135,266,-4,1082,126,37,31,357,164,357,164,110,28,10607,337,-49,386,266,-4
124,253,-14,1021,122,32,34,355,146,355,146,104,27,10474,322,-60,382,253,-14
124,253,-14,1021,122,32,34,355,146,355,146,104,27,10474,322,-60,382,253,-14
126,255,-13,1034,121,33,33,355,150,355,150,106,27,10505,324,-59,383,255,-13
130,260,-9,1044,122,34,32,354,156,354,156,106,27,10545,328,-55,383,260,-9
124,253,-13,1019,120,32,34,353,146,353,146,104,27,10460,321,-60,381,253,-13
124,253,-13,1019,120,32,34,353,146,353,146,104,27,10460,321,-60,381,253,-13
125,254,-12,1021,122,32,34,354,146,354,146,104,27,10452,323,-59,382,254,-12
138,269,-4,1085,127,37,31,360,164,352,164,113,28,10713,341,-51,392,193,-4
136,268,-4,1084,126,37,31,357,165,357,165,111,28,10664,339,-49,388,268,-4
136,268,-4,1084,126,37,31,357,165,357,165,111,28,10664,339,-49,388,268,-4
136,268,-4,1084,126,37,31,357,165,357,165,111,28,10664,339,-49,388,268,-4
130,260,-9,1044,122,34,32,354,156,354,156,106,27,10545,328,-55,383,260,-9
125,254,-12,1021,120,32,34,352,147,352,147,104,27,10447,322,-58,380,254,-12
130,260,-7,1043,122,34,33,354,156,354,156,106,27,10509,329,-53,382,260,-7
125,254,-12,1019,120,32,34,352,146,352,146,104,27,10440,322,-58,380,254,-12
125,254,-13,1021,120,32,34,352,147,352,147,105,27,10463,323,-59,382,254,-13
125,254,-13,1021,120,32,34,352,147,352,147,105,27,10463,323,-59,382,254,-13
125,254,-13,1021,120,32,34,352,147,352,147,105,27,10463,323,-59,382,254,-13
138,269,-4,1084,127,37,31,359,164,351,164,112,28,10700,340,-51,391,192,-4
136,268,-4,1082,127,37,31,354,165,354,165,111,28,10688,340,-50,390,190,-4
130,259,-8,1044,122,34,32,354,156,354,156,106,27,10491,327,-54,381,259,-8
124,252,-13,1014,120,31,34,352,143,352,143,103,27,10436,321,-60,381,252,-13
124,252,-13,1014,120,31,34,352,143,352,143,103,27,10436,321,-60,381,252,-13
125,254,-13,1022,120,32,33,352,148,352,148,105,27,10483,323,-59,382,254,-13
135,266,-3,1076,125,37,31,357,166,357,166,108,28,10551,335,-47,382,266,-3
130,260,-7,1045,122,34,32,354,156,354,156,105,27,10503,328,-52,380,260,-7
131,260,-7,1048,122,35,32,356,158,356,158,105,27,10511,328,-52,380,260,-7
131,260,-7,1048,122,35,32,356,158,356,158,105,27,10511,328,-52,380,260,-7
136,268,-7,1102,129,39,31,369,167,353,167,113,28,10757,339,-56,395,192,-7
137,268,-4,1083,126,37,31,357,165,357,165,110,28,10660,339,-49,388,268,-4
136,268,-4,1085,126,38,31,358,166,358,166,110,28,10665,339,-49,388,268,-4
136,268,-4,1085,126,38,31,358,166,358,166,110,28,10665,339,-49,388,268,-4
136,268,-4,1085,126,38,31,358,166,358,166,110,28,10665,339,-49,388,268,-4
136,268,-4,1085,126,38,31,358,166,358,166,110,28,10665,339,-49,388,268,-4
137,269,-6,1095,128,39,31,363,167,352,167,112,28,10779,339,-54,393,192,-6
138,270,-4,1084,127,37,31,358,164,353,164,111,28,10729,341,-51,392,193,-4
138,270,-4,1084,127,37,31,358,164,353,164,111,28,10729,341,-51,392,193,-4
136,268,-4,1085,126,38,31,358,166,358,166,110,28,10665,339,-49,388,268,-4
136,268,-4,1085,126,38,31,358,166,358,166,110,28,10665,339,-49,388,268,-4
136,268,-4,1085,126,38,31,358,166,358,166,110,28,10665,339,-49,388,268,-4
137,269,-3,1081,126,38,31,356,166,356,166,109,28,10659,339,-49,388,269,-3
137,268,-3,1081,126,38,31,356,166,356,166,109,28,10648,339,-49,388,268,-3
132,262,-5,1061,122,37,31,356,162,356,162,105,27,10513,330,-49,379,262,-5
138,270,-3,1085,127,39,31,356,167,353,167,111,28,10697,341,-49,390,193,-3
127,256,-11,1034,121,33,33,354,153,354,153,105,27,10479,323,-57,380,256,-11
138,269,-3,1087,127,39,31,356,168,354,168,111,28,10701,340,-49,389,192,-3
138,269,-3,1087,127,39,31,356,168,354,168,111,28,10701,340,-49,389,192,-3
138,270,-3,1083,127,37,31,358,164,351,164,111,28,10742,341,-50,391,194,-3
137,268,-3,1082,126,38,31,356,167,356,167,109,28,10652,339,-49,388,268,-3
133,263,-4,1060,122,37,31,356,162,356,162,105,27,10504,330,-48,378,263,-4
132,262,-5,1057,122,37,31,355,162,355,162,105,27,10514,330,-50,380,262,-5
132,262,-5,1057,122,37,31,355,162,355,162,105,27,10514,330,-50,380,262,-5
132,262,-5,1057,122,37,31,355,162,355,162,105,27,10514,330,-50,380,262,-5
133,263,-4,1062,122,37,31,356,163,356,163,104,27,10515,331,-48,379,263,-4
133,263,-4,1057,122,37,31,355,162,355,162,104,27,10504,330,-49,379,263,-4
138,269,-4,1093,128,39,31,360,167,354,167,111,28,10730,340,-51,391,192,-4
130,260,-7,1047,122,35,32,356,157,356,157,104,27,10504,327,-52,379,260,-7
138,270,-3,1085,127,39,30,356,168,352,168,110,28,10701,340,-49,389,193,-3
138,270,-3,1085,127,39,30,356,168,352,168,110,28,10701,340,-49,389,193,-3
133,262,-5,1059,122,37,31,355,162,355,162,104,27,10502,329,-48,377,262,-5
138,270,-3,1085,127,39,30,356,168,352,168,110,28,10701,340,-49,389,193,-3
134,264,-3,1063,123,37,31,354,164,354,164,105,27,10518,332,-47,379,264,-3
133,263,-4,1058,122,37,31,355,162,355,162,104,27,10510,331,-48,379,263,-4
137,268,-2,1078,125,38,31,355,167,355,167,108,28,10626,338,-47,385,268,-2
138,270,-3,1087,127,37,31,359,165,352,165,111,28,10704,341,-49,390,193,-3
138,270,-3,1090,127,39,31,359,167,352,167,111,28,10710,341,-49,390,193,-3
138,270,-3,1090,127,39,31,359,167,352,167,111,28,10710,341,-49,390,193,-3
134,265,-3,1064,123,38,31,354,165,354,165,104,27,10531,332,-47,379,265,-3
134,264,-3,1063,123,38,31,354,164,354,164,104,27,10509,331,-47,378,264,-3
134,264,-3,1063,123,38,31,354,164,354,164,104,27,10509,331,-47,378,264,-3
134,264,-3,1063,123,38,31,354,164,354,164,104,27,10509,331,-47,378,264,-3
134,264,-3,1063,123,38,31,354,164,354,164,104,27,10509,331,-47,378,264,-3
134,264,-3,1060,123,37,31,353,163,353,163,104,27,10502,331,-47,378,264,-3
138,269,-2,1088,126,38,31,356,167,356,167,109,28,10662,339,-48,387,269,-2
137,268,-5,1101,129,39,31,365,167,356,167,110,28,10700,338,-51,389,191,-5
137,268,-5,1101,129,39,31,365,167,356,167,110,28,10700,338,-51,389,191,-5
137,268,-2,1075,125,38,31,355,167,355,167,107,27,10613,338,-47,385,268,-2
138,270,-2,1084,127,39,30,355,168,351,168,110,28,10696,341,-48,389,193,-2
137,269,-5,1098,129,39,31,365,167,352,167,111,28,10754,339,-52,391,192,-5
135,265,-2,1067,123,38,31,357,165,357,165,105,27,10498,333,-46,379,265,-2
135,265,-2,1067,123,38,31,357,165,357,165,105,27,10498,333,-46,379,265,-2
135,265,-2,1067,123,38,31,357,165,357,165,105,27,10498,333,-46,379,265,-2
135,265,-2,1067,123,38,31,357,165,357,165,105,27,10498,333,-46,379,265,-2
135,265,-2,1068,123,38,31,357,165,357,165,105,27,10492,333,-46,379,265,-2
135,265,-2,1066,123,38,31,354,166,354,166,105,27,10495,333,-46,379,265,-2
135,265,-2,1068,123,38,31,357,165,357,165,105,27,10492,333,-46,379,265,-2
135,265,-2,1068,123,38,31,357,165,357,165,105,27,10492,333,-46,379,265,-2
135,265,-2,1066,123,38,31,354,166,354,166,105,27,10495,333,-46,379,265,-2
135,265,-2,1068,123,38,31,357,165,357,165,105,27,10492,333,-46,379,265,-2
135,265,-2,1068,123,38,31,357,165,357,165,105,27,10492,333,-46,379,265,-2
135,265,-2,1068,123,38,31,357,165,357,165,105,27,10492,333,-46,379,265,-2
135,265,-2,1066,123,38,31,354,166,354,166,105,27,10495,333,-46,379,265,-2
135,265,-2,1068,123,38,31,357,165,357,165,105,27,10492,333,-46,379,265,-2
135,265,-2,1066,123,38,31,354,166,354,166,105,27,10495,333,-46,379,265,-2
135,265,-2,1066,123,38,31,354,166,354,166,105,27,10495,333,-46,379,265,-2
135,266,-2,1067,124,38,31,355,166,355,166,105,27,10525,333,-44,377,266,-2
129,258,-9,1038,121,34,32,353,155,353,155,103,27,10465,325,-53,378,258,-9
129,258,-9,1038,121,34,32,353,155,353,155,103,27,10465,325,-53,378,258,-9
129,258,-9,1038,121,34,32,353,155,353,155,103,27,10465,325,-53,378,258,-9
136,266,-1,1073,125,38,31,355,167,355,167,105,27,10515,333,-44,377,266,-1
136,266,-1,1073,125,38,31,355,167,355,167,105,27,10515,333,-44,377,266,-1
139,270,-2,1081,126,38,31,354,167,352,167,109,28,10681,340,-48,388,193,-2
138,269,-1,1078,125,38,31,353,168,353,168,107,27,10627,339,-46,385,269,-1
136,267,-1,1073,125,38,31,355,167,355,167,105,27,10557,335,-44,379,267,-1
136,267,-1,1073,125,38,31,355,167,355,167,105,27,10557,335,-44,379,267,-1
136,267,-1,1073,125,38,31,355,167,355,167,105,27,10557,335,-44,379,267,-1
139,271,-3,1090,127,39,31,359,167,352,167,110,28,10731,341,-49,390,194,-3
139,271,-3,1090,127,39,31,359,167,352,167,110,28,10731,341,-49,390,194,-3
139,271,-3,1090,127,39,31,359,167,352,167,110,28,10731,341,-49,390,194,-3
137,269,-4,1096,128,39,31,360,168,355,168,109,28,10734,339,-50,389,192,-4
138,270,-3,1092,128,39,30,360,167,353,167,109,28,10718,340,-49,389,193,-3
138,269,-1,1078,125,38,31,353,168,353,168,107,27,10627,339,-46,385,269,-1
138,269,-1,1078,125,38,31,353,168,353,168,107,27,10628,339,-46,385,269,-1
139,271,-2,1089,127,39,31,358,167,351,167,110,28,10727,341,-48,389,194,-2
136,267,-1,1072,125,38,31,354,167,354,167,105,27,10549,334,-44,378,267,-1
139,271,-2,1089,127,39,31,358,167,351,167,110,28,10727,341,-48,389,194,-2
131,261,-6,1048,122,36,32,354,160,354,160,103,27,10480,327,-49,376,261,-6
127,255,-10,1025,119,33,33,350,151,350,151,102,27,10390,322,-55,377,255,-10
127,255,-10,1025,119,33,33,350,151,350,151,102,27,10390,322,-55,377,255,-10
127,255,-10,1025,119,33,33,350,151,350,151,102,27,10390,322,-55,377,255,-10
127,255,-10,1025,119,33,33,350,151,350,151,102,27,10390,322,-55,377,255,-10
127,255,-10,1025,119,33,33,350,151,350,151,102,27,10390,322,-55,377,255,-10
127,255,-10,1025,119,33,33,350,151,350,151,102,27,10390,322,-55,377,255,-10
127,255,-10,1025,119,33,33,350,151,350,151,102,27,10390,322,-55,377,255,-10
127,255,-10,1025,119,33,33,350,151,350,151,102,27,10390,322,-55,377,255,-10
127,255,-10,1025,119,33,33,350,151,350,151,102,27,10390,322,-55,377,255,-10
127,255,-10,1025,119,33,33,350,151,350,151,102,27,10390,322,-55,377,255,-10
127,255,-10,1025,119,33,33,350,151,350,151,102,27,10390,322,-55,377,255,-10
127,255,-10,1025,119,33,33,350,151,350,151,102,27,10390,322,-55,377,255,-10
128,256,-9,1032,120,34,32,351,154,351,154,102,27,10414,323,-54,377,256,-9
128,256,-9,1032,120,34,32,351,154,351,154,102,27,10414,323,-54,377,256,-9
128,256,-9,1032,120,34,32,351,154,351,154,102,27,10414,323,-54,377,256,-9
128,256,-9,1032,120,34,32,351,154,351,154,102,27,10414,323,-54,377,256,-9
127,255,-10,1025,119,33,33,350,151,350,151,102,27,10403,322,-55,377,255,-10
127,255,-10,1025,119,33,33,350,151,350,151,102,27,10403,322,-55,377,255,-10
127,255,-10,1025,119,33,33,350,151,350,151,102,27,10403,322,-55,377,255,-10
127,255,-10,1025,119,33,33,350,151,350,151,102,27,10403,322,-55,377,255,-10
127,255,-10,1025,119,33,33,350,151,350,151,102,27,10403,322,-55,377,255,-10
127,255,-10,1025,119,33,33,350,151,350,151,102,27,10403,322,-55,377,255,-10
127,255,-10,1025,119,33,33,350,151,350,151,102,27,10403,322,-55,377,255,-10
127,255,-10,1025,119,33,33,350,151,350,151,102,27,10403,322,-55,377,255,-10
127,255,-10,1025,119,33,33,350,151,350,151,102,27,10403,322,-55,377,255,-10
127,255,-10,1025,119,33,33,350,151,350,151,102,27,10403,322,-55,377,255,-10
127,255,-10,1025,119,33,33,350,151,350,151,102,27,10403,322,-55,377,255,-10
127,255,-10,1025,119,33,33,350,151,350,151,102,27,10403,322,-55,377,255,-10
132,262,-4,1057,122,37,31,354,162,354,162,103,27,10477,329,-48,377,262,-4
138,270,-1,1081,125,38,31,355,168,355,168,107,27,10656,339,-46,385,270,-1
138,270,-1,1081,125,38,31,355,168,355,168,107,27,10656,339,-46,385,270,-1
138,270,-1,1081,125,38,31,355,168,355,168,107,27,10656,339,-46,385,270,-1
137,268,-1,1076,125,38,31,356,168,356,168,106,27,10581,336,-46,382,268,-1
138,270,-1,1078,125,38,31,356,168,356,168,106,27,10636,337,-46,383,270,-1
138,270,-1,1078,125,38,31,356,168,356,168,106,27,10636,337,-46,383,270,-1
138,270,-1,1078,125,38,31,356,168,356,168,106,27,10636,337,-46,383,270,-1
125,251,-10,1013,119,32,34,351,146,351,146,100,26,10305,319,-55,374,251,-10
133,263,-4,1056,122,37,31,355,163,355,163,102,27,10490,329,-47,376,263,-4
133,263,-4,1056,122,37,31,355,163,355,163,102,27,10490,329,-47,376,263,-4
138,270,-1,1080,125,38,30,354,168,354,168,106,27,10649,339,-46,385,270,-1
138,270,-1,1080,125,38,30,354,168,354,168,106,27,10649,339,-46,385,270,-1
138,270,-1,1080,125,38,30,354,168,354,168,106,27,10649,339,-46,385,270,-1
138,270,-1,1080,125,38,30,354,168,354,168,106,27,10649,339,-46,385,270,-1
139,271,-1,1081,125,38,31,354,167,354,167,107,27,10670,340,-46,386,271,-1
138,270,-1,1080,125,38,30,354,168,354,168,106,27,10649,339,-46,385,270,-1
126,253,-10,1018,119,32,34,351,148,351,148,100,26,10359,320,-55,375,253,-10
132,262,-5,1053,122,37,31,355,162,355,162,102,27,10484,328,-49,377,262,-5
139,271,-1,1081,125,38,31,354,167,354,167,107,27,10670,340,-46,386,271,-1
126,253,-9,1014,119,32,33,350,148,350,148,100,26,10310,320,-53,373,253,-9
139,270,-1,1080,125,38,30,354,168,354,168,106,27,10648,339,-45,384,270,-1
139,270,-1,1080,125,38,30,354,168,354,168,106,27,10654,339,-46,385,270,-1
139,270,-1,1080,125,38,30,354,168,354,168,106,27,10654,339,-46,385,270,-1
139,270,-1,1080,125,38,30,354,168,354,168,106,27,10654,339,-46,385,270,-1
139,270,-1,1080,125,38,30,354,168,354,168,106,27,10654,339,-46,385,270,-1
134,264,-2,1058,122,38,31,354,165,354,165,102,27,10475,330,-46,376,264,-2
127,254,-9,1016,118,32,33,348,148,348,148,101,26,10371,321,-55,376,254,-9
139,271,-2,1092,128,39,30,361,169,352,169,109,28,10697,340,-49,389,194,-2
127,254,-9,1016,118,32,33,348,148,348,148,101,26,10371,321,-55,376,254,-9
127,254,-9,1016,118,32,33,348,148,348,148,101,26,10371,321,-55,376,254,-9
127,254,-9,1017,118,33,33,348,150,348,150,101,26,10373,321,-55,376,254,-9
127,254,-9,1017,118,33,33,348,150,348,150,101,26,10373,321,-55,376,254,-9
139,271,0,1081,125,38,30,354,168,354,168,106,27,10655,340,-44,384,271,0
139,271,0,1081,125,38,30,354,168,354,168,106,27,10655,340,-44,384,271,0
139,271,0,1081,125,38,30,354,168,354,168,106,27,10655,340,-44,384,271,0
135,264,-2,1062,123,38,31,353,165,353,165,102,27,10479,331,-45,376,264,-2
139,271,-1,1088,126,39,30,356,169,352,169,108,27,10701,341,-47,388,194,-1
139,271,-2,1092,128,39,30,361,169,352,169,109,28,10707,340,-49,389,194,-2
139,271,-2,1092,128,39,30,361,169,352,169,109,28,10707,340,-49,389,194,-2
139,271,-2,1092,128,39,30,361,169,352,169,109,28,10707,340,-49,389,194,-2
136,266,0,1066,123,38,31,355,167,355,167,103,27,10494,332,-44,376,266,0
133,261,-4,1048,121,37,31,351,163,351,163,102,27,10431,328,-48,376,261,-4
133,261,-4,1048,121,37,31,351,163,351,163,102,27,10431,328,-48,376,261,-4
139,271,-2,1092,128,39,30,361,169,352,169,109,28,10707,340,-49,389,194,-2
138,270,-3,1096,128,39,30,362,169,353,169,109,27,10711,340,-50,390,193,-3
138,270,-4,1097,128,39,30,363,169,353,169,109,28,10737,339,-50,389,193,-4
138,270,-4,1097,128,39,30,363,169,353,169,109,28,10737,339,-50,389,193,-4
138,270,-3,1096,128,39,30,362,169,353,169,109,27,10711,340,-50,390,193,-3
138,270,-3,1096,128,39,30,362,169,353,169,109,27,10711,340,-50,390,193,-3
138,270,-3,1096,128,39,30,362,169,353,169,109,27,10711,340,-50,390,193,-3
138,270,-3,1096,128,39,30,362,169,353,169,109,27,10711,340,-50,390,193,-3
138,270,-3,1096,128,39,30,362,169,353,169,109,27,10711,340,-50,390,193,-3
138,270,-3,1096,128,39,30,362,169,353,169,109,27,10711,340,-50,390,193,-3
135,266,-1,1062,123,38,31,353,166,353,166,102,27,10509,333,-44,377,266,-1
139,271,0,1080,125,38,30,354,169,354,169,106,27,10664,340,-44,384,271,0
133,262,-4,1051,121,37,31,351,163,351,163,101,26,10437,328,-47,375,262,-4
139,271,0,1075,125,38,31,354,168,354,168,104,27,10646,338,-44,382,271,0
133,262,-3,1043,120,36,32,352,160,352,160,102,27,10451,329,-47,376,262,-3
139,271,-2,1092,128,39,30,361,169,352,169,108,27,10713,340,-49,389,194,-2
135,265,-2,1061,122,38,31,353,165,353,165,101,26,10483,331,-45,376,265,-2
135,265,-2,1061,122,38,31,353,165,353,165,101,26,10483,331,-45,376,265,-2
135,264,-1,1063,123,38,31,353,166,353,166,102,27,10470,331,-44,375,264,-1
135,264,-1,1063,123,38,31,353,166,353,166,102,27,10470,331,-44,375,264,-1
136,266,-8,1111,131,42,29,380,173,337,173,119,29,10720,339,-58,397,194,-8
134,263,-3,1054,122,38,31,351,164,351,164,101,27,10437,328,-46,374,263,-3
132,262,-4,1059,122,38,31,355,164,355,164,101,27,10447,327,-47,374,262,-4
133,262,-3,1044,120,36,31,352,161,352,161,101,26,10422,329,-46,375,262,-3
140,272,1,1078,125,38,31,354,169,354,169,105,27,10638,340,-43,383,272,1
134,264,-2,1058,122,38,31,354,165,354,165,101,26,10472,330,-46,376,264,-2
134,263,-3,1055,122,38,31,351,165,351,165,101,26,10451,330,-46,376,263,-3
134,264,-2,1058,122,38,31,354,165,354,165,101,26,10472,330,-46,376,264,-2
134,264,-2,1058,122,38,31,354,165,354,165,101,26,10472,330,-46,376,264,-2
139,271,1,1076,125,38,31,354,168,354,168,104,27,10645,338,-43,381,271,1
139,271,1,1076,125,38,31,354,168,354,168,104,27,10645,338,-43,381,271,1
139,271,1,1076,125,38,31,354,168,354,168,104,27,10645,338,-43,381,271,1
139,271,1,1076,125,38,31,354,168,354,168,104,27,10645,338,-43,381,271,1
139,271,1,1076,125,38,31,354,168,354,168,104,27,10645,338,-43,381,271,1
139,271,1,1076,125,38,31,354,168,354,168,104,27,10645,338,-43,381,271,1
139,271,1,1076,125,38,31,354,168,354,168,104,27,10645,338,-43,381,271,1
139,271,1,1076,125,38,31,354,168,354,168,104,27,10645,338,-43,381,271,1
139,271,1,1076,125,38,31,354,168,354,168,104,27,10645,338,-43,381,271,1
139,271,1,1076,125,38,31,354,168,354,168,104,27,10645,338,-43,381,271,1
139,271,1,1076,125,38,31,354,168,354,168,104,27,10645,338,-43,381,271,1
139,271,1,1076,125,38,31,354,168,354,168,104,27,10645,338,-43,381,271,1
139,271,1,1076,125,38,31,354,168,354,168,104,27,10645,338,-43,381,271,1
136,265,-1,1064,123,39,30,353,167,353,167,102,27,10480,332,-44,376,265,-1
139,270,1,1075,125,39,30,354,170,354,170,104,27,10576,336,-42,378,270,1
139,270,1,1075,125,39,30,354,170,354,170,104,27,10576,336,-42,378,270,1
139,270,1,1075,125,39,30,354,170,354,170,104,27,10576,336,-42,378,270,1
135,265,-2,1059,122,38,31,354,165,354,165,101,26,10488,331,-45,376,265,-2
139,271,-3,1095,128,39,30,362,169,352,169,108,27,10759,340,-50,390,193,-3
137,267,0,1066,123,39,31,354,168,354,168,102,27,10507,333,-43,376,267,0
135,265,-2,1059,122,38,31,354,165,354,165,101,26,10488,331,-45,376,265,-2
135,265,-2,1059,122,38,31,354,165,354,165,101,26,10488,331,-45,376,265,-2
140,271,-1,1088,126,39,30,356,169,352,169,107,27,10704,340,-47,387,194,-1
139,271,-2,1092,128,39,30,360,169,351,169,108,27,10701,340,-47,387,194,-2
139,271,-2,1092,128,39,30,360,169,351,169,108,27,10701,340,-47,387,194,-2
139,271,-2,1092,128,39,30,360,169,351,169,108,27,10701,340,-47,387,194,-2
139,271,-2,1092,128,39,30,360,169,351,169,108,27,10701,340,-47,387,194,-2
137,267,0,1066,123,39,31,354,168,354,168,102,27,10515,333,-43,376,267,0
133,263,-3,1060,123,38,31,356,165,356,165,101,27,10473,328,-46,374,263,-3
136,267,-7,1114,132,39,31,379,169,352,169,112,28,10754,337,-56,393,191,-7
140,272,1,1079,125,40,30,353,171,353,171,104,27,10671,340,-43,383,272,1
140,272,1,1079,125,40,30,353,171,353,171,104,27,10671,340,-43,383,272,1
140,272,1,1079,125,40,30,353,171,353,171,104,27,10671,340,-43,383,272,1
140,272,1,1079,125,40,30,353,171,353,171,104,27,10671,340,-43,383,272,1
140,272,1,1079,125,40,30,353,171,353,171,104,27,10671,340,-43,383,272,1
137,269,-5,1108,131,39,30,373,169,352,169,110,28,10751,338,-52,390,192,-5
136,268,-7,1112,132,39,31,377,169,353,169,111,28,10761,337,-54,391,192,-7
139,271,-2,1092,128,39,30,359,170,351,170,107,27,10691,341,-47,388,193,-2
139,271,-2,1094,128,39,30,362,170,351,170,108,27,10694,340,-47,387,194,-2
137,267,1,1068,123,39,30,355,169,355,169,102,27,10489,334,-42,376,267,1
140,271,2,1078,125,40,30,353,171,353,171,103,27,10594,339,-41,380,271,2
140,271,2,1078,125,40,30,353,171,353,171,103,27,10594,339,-41,380,271,2
140,271,2,1078,125,40,30,353,171,353,171,103,27,10594,339,-41,380,271,2
140,271,2,1078,125,40,30,353,171,353,171,103,27,10594,339,-41,380,271,2
140,271,2,1078,125,40,30,353,171,353,171,103,27,10594,339,-41,380,271,2
140,271,2,1078,125,40,30,353,171,353,171,103,27,10594,339,-41,380,271,2
140,271,2,1078,125,40,30,353,171,353,171,103,27,10594,339,-41,380,271,2
140,271,2,1078,125,40,30,353,171,353,171,103,27,10594,339,-41,380,271,2
140,271,2,1078,125,40,30,353,171,353,171,103,27,10594,339,-41,380,271,2
140,271,2,1078,125,40,30,353,171,353,171,103,27,10594,339,-41,380,271,2
140,271,2,1078,125,40,30,353,171,353,171,103,27,10594,339,-41,380,271,2
140,271,2,1078,125,40,30,353,171,353,171,103,27,10594,339,-41,380,271,2
140,271,2,1078,125,40,30,353,171,353,171,103,27,10594,339,-41,380,271,2
140,271,2,1078,125,40,30,353,171,353,171,103,27,10594,339,-41,380,271,2
140,271,2,1078,125,40,30,353,171,353,171,103,27,10594,339,-41,380,271,2
139,271,1,1075,123,39,30,356,170,356,170,102,26,10598,337,-42,379,271,1
139,271,1,1075,123,39,30,356,170,356,170,102,26,10598,337,-42,379,271,1
137,267,1,1064,122,39,30,354,167,354,167,101,27,10481,333,-41,374,267,1
137,267,1,1064,122,39,30,354,167,354,167,101,27,10481,333,-41,374,267,1
137,267,1,1064,122,39,30,354,167,354,167,101,27,10481,333,-41,374,267,1
137,267,1,1064,122,39,30,354,167,354,167,101,27,10481,333,-41,374,267,1
137,267,1,1064,122,39,30,354,167,354,167,101,27,10481,333,-41,374,267,1
136,266,0,1062,122,39,30,354,167,354,167,101,26,10476,333,-43,376,266,0
136,266,0,1062,122,39,30,354,167,354,167,101,26,10476,333,-43,376,266,0
136,266,0,1062,122,39,30,354,167,354,167,101,26,10476,333,-43,376,266,0
136,266,0,1062,122,39,30,354,167,354,167,101,26,10476,333,-43,376,266,0
136,266,0,1062,122,39,30,354,167,354,167,101,26,10476,333,-43,376,266,0
136,266,0,1062,122,39,30,354,167,354,167,101,26,10476,333,-43,376,266,0
136,266,0,1062,122,39,30,354,167,354,167,101,26,10476,333,-43,376,266,0
136,266,0,1062,122,39,30,354,167,354,167,101,26,10476,333,-43,376,266,0
136,266,0,1062,122,39,30,354,167,354,167,101,26,10476,333,-43,376,266,0
136,266,0,1062,122,39,30,354,167,354,167,101,26,10476,333,-43,376,266,0
136,266,0,1062,122,39,30,354,167,354,167,101,26,10476,333,-43,376,266,0
136,266,0,1062,122,39,30,354,167,354,167,101,26,10476,333,-43,376,266,0
136,266,0,1062,122,39,30,354,167,354,167,101,26,10476,333,-43,376,266,0
136,266,0,1062,122,39,30,354,167,354,167,101,26,10476,333,-43,376,266,0
136,266,0,1062,122,39,30,354,167,354,167,101,26,10476,333,-43,376,266,0
137,267,1,1065,123,39,30,352,169,352,169,101,26,10483,334,-42,376,267,1
137,267,1,1065,123,39,30,352,169,352,169,101,26,10483,334,-42,376,267,1
137,267,1,1065,123,39,30,352,169,352,169,101,26,10483,334,-42,376,267,1
137,267,1,1065,123,39,30,352,169,352,169,101,26,10483,334,-42,376,267,1
137,267,1,1065,123,39,30,352,169,352,169,101,26,10483,334,-42,376,267,1
138,268,1,1067,123,39,30,354,169,354,169,101,26,10529,334,-42,376,268,1
138,268,1,1067,123,39,30,354,169,354,169,101,26,10529,334,-42,376,268,1
140,271,2,1078,125,40,30,353,171,353,171,103,27,10606,339,-41,380,271,2
138,268,1,1067,123,39,30,354,169,354,169,101,26,10529,334,-42,376,268,1
138,268,1,1067,123,39,30,354,169,354,169,101,26,10529,334,-42,376,268,1
138,268,1,1067,123,39,30,354,169,354,169,101,26,10529,334,-42,376,268,1
138,268,1,1067,123,39,30,354,169,354,169,101,26,10529,334,-42,376,268,1
139,271,-1,1091,128,39,30,360,170,350,170,107,27,10684,340,-47,387,193,-1
139,271,-1,1091,128,39,30,360,170,350,170,107,27,10684,340,-47,387,193,-1
139,269,2,1068,123,39,30,353,169,353,169,102,27,10526,335,-41,376,269,2
139,271,-1,1093,128,40,30,360,172,350,172,107,27,10678,340,-47,387,193,-1
139,271,-1,1093,128,40,30,360,172,350,172,107,27,10678,340,-47,387,193,-1
139,271,-1,1093,128,40,30,360,172,350,172,107,27,10678,340,-47,387,193,-1
139,271,-1,1093,128,40,30,360,172,350,172,107,27,10678,340,-47,387,193,-1
139,271,-2,1098,129,39,30,366,170,351,170,108,27,10701,340,-49,389,193,-2
140,272,2,1079,125,39,30,354,170,354,170,102,26,10610,338,-41,379,272,2
136,265,0,1054,122,38,31,351,165,351,165,101,26,10440,332,-43,375,265,0
136,265,0,1054,122,38,31,351,165,351,165,101,26,10440,332,-43,375,265,0
136,265,0,1054,122,38,31,351,165,351,165,101,26,10440,332,-43,375,265,0
136,265,0,1054,122,38,31,351,165,351,165,101,26,10440,332,-43,375,265,0
136,265,0,1054,122,38,31,351,165,351,165,101,26,10440,332,-43,375,265,0
136,265,0,1054,122,38,31,351,165,351,165,101,26,10440,332,-43,375,265,0
136,265,0,1054,122,38,31,351,165,351,165,101,26,10440,332,-43,375,265,0
136,265,0,1054,122,38,31,351,165,351,165,101,26,10440,332,-43,375,265,0
136,265,0,1054,122,38,31,351,165,351,165,101,26,10440,332,-43,375,265,0
136,265,0,1054,122,38,31,351,165,351,165,101,26,10440,332,-43,375,265,0
136,265,0,1054,122,38,31,351,165,351,165,101,26,10440,332,-43,375,265,0
136,265,0,1054,122,38,31,351,165,351,165,101,26,10440,332,-43,375,265,0
136,265,0,1054,122,38,31,351,165,351,165,101,26,10440,332,-43,375,265,0
136,265,0,1054,122,38,31,351,165,351,165,101,26,10440,332,-43,375,265,0
136,265,0,1054,122,38,31,351,165,351,165,101,26,10440,332,-43,375,265,0
137,266,1,1063,122,39,30,354,167,354,167,100,26,10464,333,-41,374,266,1
139,271,-1,1096,128,40,30,362,172,350,172,107,27,10673,340,-47,387,193,-1
139,271,-1,1096,128,40,30,362,172,350,172,107,27,10673,340,-47,387,193,-1
140,271,-1,1094,128,40,29,360,172,350,172,107,27,10677,340,-46,386,193,-1
141,272,2,1078,125,40,30,352,171,352,171,103,27,10612,340,-41,381,272,2
141,272,2,1078,125,39,30,353,170,353,170,102,26,10588,338,-41,379,272,2
140,271,2,1078,125,39,30,353,170,353,170,102,26,10583,338,-41,379,271,2
140,271,2,1078,125,39,30,353,170,353,170,102,26,10583,338,-41,379,271,2
140,271,2,1078,125,39,30,353,170,353,170,102,26,10583,338,-41,379,271,2
140,271,2,1078,125,39,30,353,170,353,170,102,26,10583,338,-41,379,271,2
139,269,2,1070,123,39,30,355,169,355,169,101,26,10532,336,-41,377,269,2
141,272,3,1077,125,39,30,353,170,353,170,102,26,10577,338,-41,379,272,3
140,271,-1,1094,128,40,29,360,172,350,172,106,27,10673,340,-46,386,193,-1
141,272,3,1080,123,39,30,356,172,356,172,102,27,10581,337,-40,377,272,3
140,271,0,1096,128,40,30,361,172,352,172,106,27,10674,340,-46,386,193,0
140,271,0,1096,128,40,30,361,172,352,172,106,27,10674,340,-46,386,193,0
140,271,0,1096,128,40,30,361,172,352,172,106,27,10674,340,-46,386,193,0
140,271,0,1096,128,40,30,361,172,352,172,106,27,10674,340,-46,386,193,0
140,271,0,1096,128,40,30,361,172,352,172,106,27,10674,340,-46,386,193,0
140,271,0,1096,128,40,30,361,172,352,172,106,27,10674,340,-46,386,193,0
140,271,0,1096,128,40,30,361,172,352,172,106,27,10674,340,-46,386,193,0
141,272,3,1080,123,39,30,356,172,356,172,102,27,10581,337,-40,377,272,3
140,271,2,1081,123,40,29,356,173,356,173,102,26,10564,338,-41,379,271,2
141,272,3,1082,125,39,30,356,172,356,172,102,26,10592,339,-40,379,272,3
141,272,3,1082,125,39,30,356,172,356,172,102,26,10592,339,-40,379,272,3
141,273,2,1086,125,40,30,355,174,355,174,102,26,10654,340,-42,382,273,2
140,271,3,1081,123,40,29,356,173,356,173,102,26,10552,338,-40,378,271,3
140,271,3,1081,123,40,29,356,173,356,173,102,26,10552,338,-40,378,271,3
140,271,3,1081,123,40,29,356,173,356,173,102,26,10552,338,-40,378,271,3
140,271,3,1081,123,40,29,356,173,356,173,102,26,10552,338,-40,378,271,3
136,267,-7,1116,133,39,30,379,169,352,169,111,28,10736,337,-55,392,191,-7
141,272,3,1083,125,40,30,356,173,356,173,102,27,10581,337,-40,377,272,3
141,272,3,1083,125,40,30,356,173,356,173,102,27,10581,337,-40,377,272,3
141,272,3,1083,125,40,30,356,173,356,173,102,27,10581,337,-40,377,272,3
141,272,3,1083,125,40,30,356,173,356,173,102,27,10581,337,-40,377,272,3
141,272,3,1083,125,40,30,356,173,356,173,102,27,10581,337,-40,377,272,3
141,272,3,1083,125,40,30,356,173,356,173,102,27,10581,337,-40,377,272,3
137,269,-4,1106,130,39,30,372,170,351,170,110,28,10702,338,-52,390,192,-4
140,270,2,1073,123,40,30,355,171,355,171,101,26,10547,336,-40,376,270,2
141,272,2,1083,125,40,30,356,173,356,173,102,27,10593,337,-40,377,272,2
139,269,2,1070,123,40,30,355,170,355,170,101,26,10524,335,-41,376,269,2
139,269,2,1070,123,40,30,355,170,355,170,101,26,10524,335,-41,376,269,2
140,271,-1,1099,128,40,30,364,172,352,172,107,27,10663,339,-47,386,194,-1
140,271,-1,1099,128,40,30,364,172,352,172,107,27,10663,339,-47,386,194,-1
140,271,-1,1099,128,40,30,364,172,352,172,107,27,10663,339,-47,386,194,-1
140,271,-1,1099,128,40,30,364,172,352,172,107,27,10663,339,-47,386,194,-1
140,271,-1,1098,128,40,30,361,172,352,172,106,27,10681,340,-46,386,193,-1
140,271,-1,1098,128,40,30,361,172,352,172,106,27,10681,340,-46,386,193,-1
140,271,-1,1098,128,40,30,361,172,352,172,106,27,10681,340,-46,386,193,-1
140,271,-1,1098,128,40,30,361,172,352,172,106,27,10681,340,-46,386,193,-1
140,271,-1,1098,128,40,30,361,172,352,172,106,27,10681,340,-46,386,193,-1
139,270,2,1077,123,40,30,356,172,356,172,101,26,10570,336,-41,377,270,2
139,270,2,1077,123,40,30,356,172,356,172,101,26,10570,336,-41,377,270,2
139,270,2,1077,123,40,30,356,172,356,172,101,26,10570,336,-41,377,270,2
139,270,2,1077,123,40,30,356,172,356,172,101,26,10570,336,-41,377,270,2
139,270,2,1077,123,40,30,356,172,356,172,101,26,10570,336,-41,377,270,2
139,270,2,1077,123,40,30,356,172,356,172,101,26,10570,336,-41,377,270,2
139,270,2,1077,123,40,30,356,172,356,172,101,26,10570,336,-41,377,270,2
139,270,1,1082,125,40,30,356,172,356,172,101,26,10580,336,-41,377,270,1
139,270,1,1082,125,40,30,356,172,356,172,101,26,10580,336,-41,377,270,1
139,270,1,1082,125,40,30,356,172,356,172,101,26,10580,336,-41,377,270,1
139,270,1,1082,125,40,30,356,172,356,172,101,26,10580,336,-41,377,270,1
140,271,3,1081,123,40,29,356,172,356,172,101,26,10564,337,-40,377,271,3
140,271,-1,1098,128,40,30,361,172,352,172,106,27,10681,340,-46,386,193,-1
138,269,-4,1104,130,39,30,371,170,351,170,110,28,10688,339,-51,390,192,-4
138,269,-4,1104,130,39,30,371,170,351,170,110,28,10688,339,-51,390,192,-4
139,269,3,1066,122,40,30,354,170,354,170,101,26,10481,335,-40,375,269,3
140,270,3,1070,123,40,30,355,170,355,170,101,26,10524,336,-40,376,270,3
140,272,0,1095,128,40,29,361,172,350,172,106,27,10659,340,-44,384,193,0
140,272,0,1095,128,40,29,361,172,350,172,106,27,10659,340,-44,384,193,0
140,272,0,1095,128,40,29,361,172,350,172,106,27,10659,340,-44,384,193,0
139,270,2,1076,123,40,30,356,171,356,171,101,26,10561,336,-41,377,270,2
138,269,-4,1103,130,40,30,371,171,351,171,109,28,10677,338,-51,389,192,-4
139,270,2,1076,123,40,30,356,171,356,171,101,26,10561,336,-41,377,270,2
139,270,2,1076,123,40,30,356,171,356,171,101,26,10561,336,-41,377,270,2
140,270,3,1073,123,40,30,354,171,354,171,101,26,10541,337,-40,377,270,3
138,269,-4,1105,130,40,30,371,171,351,171,110,28,10675,338,-52,390,192,-4
138,269,-3,1101,130,40,30,368,172,349,172,109,28,10652,338,-50,388,192,-3
140,271,3,1071,123,40,29,352,171,352,171,101,26,10552,337,-40,377,271,3
140,271,3,1071,123,40,29,352,171,352,171,101,26,10552,337,-40,377,271,3
137,267,-6,1113,132,40,30,376,171,349,171,112,28,10690,337,-53,390,191,-6
140,271,-1,1099,128,40,30,364,172,351,172,107,27,10673,340,-46,386,194,-1
140,270,-1,1101,128,40,29,364,174,351,174,107,27,10651,339,-46,385,193,-1
140,270,-1,1101,128,40,29,364,174,351,174,107,27,10651,339,-46,385,193,-1
140,270,-1,1101,128,40,29,364,174,351,174,107,27,10651,339,-46,385,193,-1
140,270,-1,1101,128,40,29,364,174,351,174,107,27,10651,339,-46,385,193,-1
140,270,-1,1101,128,40,29,364,174,351,174,107,27,10651,339,-46,385,193,-1
140,270,-1,1101,128,40,29,364,174,351,174,107,27,10651,339,-46,385,193,-1
138,269,-3,1104,130,40,30,371,171,350,171,110,28,10662,338,-50,388,192,-3
138,269,-3,1104,130,40,30,371,172,351,172,110,28,10665,339,-50,389,192,-3
138,269,-3,1104,130,40,30,371,172,351,172,110,28,10665,339,-50,389,192,-3
138,269,-3,1104,130,40,30,371,172,351,172,110,28,10665,339,-50,389,192,-3
138,269,-3,1104,130,40,30,371,172,351,172,110,28,10665,339,-50,389,192,-3
138,269,-3,1104,130,40,30,371,172,351,172,110,28,10665,339,-50,389,192,-3
138,269,-3,1104,130,40,30,371,172,351,172,110,28,10665,339,-50,389,192,-3
138,269,-3,1104,130,40,30,371,172,351,172,110,28,10665,339,-50,389,192,-3
138,269,-3,1104,130,40,30,371,172,351,172,110,28,10665,339,-50,389,192,-3
141,272,1,1094,126,40,29,359,173,352,173,106,27,10626,340,-44,384,194,1
142,273,3,1087,125,41,29,353,175,353,175,102,26,10604,340,-40,380,273,3
141,272,1,1095,128,40,30,362,173,351,173,106,27,10635,340,-45,385,194,1
141,272,1,1095,128,40,30,362,173,351,173,106,27,10635,340,-45,385,194,1
140,270,0,1101,128,40,29,364,174,351,174,107,27,10634,339,-45,384,193,0
140,271,0,1098,128,40,29,361,174,350,174,106,27,10653,340,-45,385,193,0
140,271,0,1098,128,40,29,361,174,350,174,106,27,10653,340,-45,385,193,0
141,272,2,1091,126,40,29,359,173,351,173,106,27,10623,341,-43,384,194,2
141,272,2,1091,126,40,29,359,173,351,173,106,27,10623,341,-43,384,194,2
141,272,2,1091,126,40,29,359,173,351,173,106,27,10623,341,-43,384,194,2
141,272,2,1091,126,40,29,359,173,351,173,106,27,10623,341,-43,384,194,2
141,272,2,1091,126,40,29,359,173,351,173,106,27,10623,341,-43,384,194,2
141,272,2,1091,126,40,29,359,173,351,173,106,27,10623,341,-43,384,194,2
141,272,2,1091,126,40,29,359,173,351,173,106,27,10623,341,-43,384,194,2
141,272,2,1091,126,40,29,359,173,351,173,106,27,10623,341,-43,384,194,2
141,272,2,1091,126,40,29,359,173,351,173,106,27,10623,341,-43,384,194,2
141,272,2,1091,126,40,29,359,173,351,173,106,27,10623,341,-43,384,194,2
141,272,2,1091,126,40,29,359,173,351,173,106,27,10623,341,-43,384,194,2
141,272,2,1091,126,40,29,359,173,351,173,106,27,10623,341,-43,384,194,2
141,272,2,1091,126,40,29,359,173,351,173,106,27,10623,341,-43,384,194,2
141,272,2,1091,126,40,29,359,173,351,173,106,27,10623,341,-43,384,194,2
141,272,2,1091,126,40,29,359,173,351,173,106,27,10623,341,-43,384,194,2
141,272,2,1091,126,40,29,359,173,351,173,106,27,10623,341,-43,384,194,2
140,270,0,1101,128,40,29,364,174,351,174,107,27,10634,339,-45,384,193,0
140,270,0,1101,128,40,29,364,174,351,174,107,27,10634,339,-45,384,193,0
140,270,0,1101,128,40,29,364,174,351,174,107,27,10634,339,-45,384,193,0
140,270,0,1101,128,40,29,364,174,351,174,107,27,10634,339,-45,384,193,0
140,270,0,1101,128,40,29,364,174,351,174,107,27,10634,339,-45,384,193,0
142,272,4,1085,125,41,29,353,176,353,176,102,26,10570,339,-40,379,272,4
141,272,2,1092,126,40,29,359,174,352,174,105,27,10623,341,-43,384,194,2
141,272,2,1092,126,40,29,359,174,352,174,105,27,10623,341,-43,384,194,2
142,272,4,1087,125,41,29,353,175,352,175,102,26,10563,339,-40,379,193,4
142,272,4,1087,125,41,29,353,175,352,175,102,26,10563,339,-40,379,193,4
142,272,4,1087,125,41,29,353,175,352,175,102,26,10563,339,-40,379,193,4
142,272,4,1087,125,41,29,353,175,352,175,102,26,10563,339,-40,379,193,4
142,272,4,1087,125,41,29,353,175,352,175,102,26,10563,339,-40,379,193,4
142,272,4,1087,125,41,29,353,175,352,175,102,26,10563,339,-40,379,193,4
142,272,4,1087,125,41,29,353,175,352,175,102,26,10563,339,-40,379,193,4
142,272,4,1087,125,41,29,353,175,352,175,102,26,10563,339,-40,379,193,4
142,272,4,1087,125,41,29,353,175,352,175,102,26,10563,339,-40,379,193,4
142,272,4,1087,125,41,29,353,175,352,175,102,26,10563,339,-40,379,193,4
142,272,4,1087,125,41,29,353,175,352,175,102,26,10563,339,-40,379,193,4
142,272,4,1087,125,41,29,353,175,352,175,102,26,10563,339,-40,379,193,4
142,272,4,1087,125,41,29,353,175,352,175,102,26,10563,339,-40,379,193,4
142,272,4,1087,125,41,29,353,175,352,175,102,26,10563,339,-40,379,193,4
142,272,4,1087,125,41,29,353,175,352,175,102,26,10563,339,-40,379,193,4
142,272,4,1087,125,41,29,353,175,352,175,102,26,10563,339,-40,379,193,4
141,272,1,1093,126,41,29,359,175,352,175,105,27,10651,340,-43,383,194,1
140,270,0,1099,128,40,29,363,174,351,174,107,27,10623,339,-46,385,193,0
140,270,0,1099,128,40,29,363,174,351,174,107,27,10623,339,-46,385,193,0
140,270,0,1099,128,40,29,363,174,351,174,107,27,10623,339,-46,385,193,0
140,270,0,1099,128,40,29,363,174,351,174,107,27,10623,339,-46,385,193,0
140,270,0,1099,128,40,29,363,174,351,174,107,27,10623,339,-46,385,193,0
140,270,0,1099,128,40,29,363,174,351,174,107,27,10623,339,-46,385,193,0
142,273,3,1088,125,41,29,354,175,353,175,102,26,10585,339,-40,379,193,3
140,270,0,1098,128,40,29,362,174,351,174,107,27,10620,339,-46,385,193,0
140,271,0,1097,128,40,29,361,174,350,174,106,27,10648,340,-46,386,193,0
140,271,0,1097,128,40,29,361,174,350,174,106,27,10648,340,-46,386,193,0
140,271,0,1097,128,40,29,361,174,350,174,106,27,10648,340,-46,386,193,0
140,271,0,1097,128,40,29,361,174,350,174,106,27,10648,340,-46,386,193,0
140,271,0,1097,128,40,29,361,174,350,174,106,27,10648,340,-46,386,193,0
140,271,0,1097,128,40,29,361,174,350,174,106,27,10648,340,-46,386,193,0
140,271,0,1097,128,40,29,361,174,350,174,106,27,10648,340,-46,386,193,0
140,271,0,1097,128,40,29,361,174,350,174,106,27,10648,340,-46,386,193,0
140,271,0,1097,128,40,29,361,174,350,174,106,27,10648,340,-46,386,193,0
140,271,0,1097,128,40,29,361,174,350,174,106,27,10648,340,-46,386,193,0
140,271,0,1097,128,40,29,361,174,350,174,106,27,10648,340,-46,386,193,0
140,271,0,1097,128,40,29,361,174,350,174,106,27,10648,340,-46,386,193,0
140,271,0,1097,128,40,29,361,174,350,174,106,27,10648,340,-46,386,193,0
140,270,0,1097,128,40,29,362,174,350,174,107,27,10601,339,-46,385,193,0
140,270,0,1097,128,40,29,362,174,350,174,107,27,10601,339,-46,385,193,0
140,270,0,1097,128,40,29,362,174,350,174,107,27,10601,339,-46,385,193,0
140,270,0,1097,128,40,29,362,174,350,174,107,27,10601,339,-46,385,193,0
140,270,0,1097,128,40,29,362,174,350,174,107,27,10601,339,-46,385,193,0
141,271,1,1096,126,40,29,360,174,352,174,106,27,10603,340,-43,383,194,1
140,270,0,1097,128,40,29,362,174,350,174,107,27,10601,339,-46,385,193,0
140,270,0,1097,128,40,29,362,174,350,174,107,27,10601,339,-46,385,193,0
140,270,0,1097,128,40,29,362,174,350,174,107,27,10601,339,-46,385,193,0
140,270,0,1097,128,40,29,362,174,350,174,107,27,10601,339,-46,385,193,0
140,270,0,1097,128,40,29,362,174,350,174,107,27,10601,339,-46,385,193,0
140,270,0,1097,128,40,29,362,174,350,174,107,27,10601,339,-46,385,193,0
140,270,0,1097,128,40,29,362,174,350,174,107,27,10601,339,-46,385,193,0
140,270,0,1097,128,40,29,362,174,350,174,107,27,10601,339,-46,385,193,0
140,270,0,1097,128,40,29,362,174,350,174,107,27,10601,339,-46,385,193,0
140,270,0,1097,128,40,29,362,174,350,174,107,27,10601,339,-46,385,193,0
140,270,0,1097,128,40,29,362,174,350,174,107,27,10601,339,-46,385,193,0
141,271,1,1095,126,41,29,359,176,352,176,105,27,10612,339,-43,382,194,1
141,271,1,1095,126,41,29,359,176,352,176,105,27,10612,339,-43,382,194,1
141,271,1,1095,126,41,29,359,176,352,176,105,27,10612,339,-43,382,194,1
141,271,2,1096,126,40,29,360,174,352,174,106,27,10583,340,-43,383,193,2
141,271,2,1095,126,41,29,359,175,352,175,106,27,10593,340,-43,383,194,2
141,271,2,1095,126,41,29,359,175,352,175,106,27,10593,340,-43,383,194,2
140,270,0,1095,126,41,29,359,175,349,175,107,27,10612,339,-45,384,192,0
140,270,0,1095,126,41,29,359,175,349,175,107,27,10612,339,-45,384,192,0
141,272,2,1092,126,41,29,357,176,350,176,104,27,10598,340,-42,382,193,2
140,270,1,1094,126,41,29,359,175,348,175,107,27,10592,339,-44,383,192,1
140,270,1,1094,126,41,29,359,175,348,175,107,27,10592,339,-44,383,192,1
140,270,1,1094,126,41,29,359,175,348,175,107,27,10592,339,-44,383,192,1
140,270,1,1094,126,41,29,359,175,348,175,107,27,10592,339,-44,383,192,1
140,270,1,1094,126,41,29,359,175,348,175,107,27,10592,339,-44,383,192,1
140,270,1,1094,126,41,29,359,175,348,175,107,27,10592,339,-44,383,192,1
140,270,1,1094,126,41,29,359,175,348,175,107,27,10592,339,-44,383,192,1
140,270,1,1094,126,41,29,359,175,348,175,107,27,10592,339,-44,383,192,1
140,270,1,1094,126,41,29,359,175,348,175,107,27,10592,339,-44,383,192,1
140,270,1,1094,126,41,29,359,175,348,175,107,27,10592,339,-44,383,192,1
140,270,1,1094,126,41,29,359,175,348,175,107,27,10592,339,-44,383,192,1
140,270,1,1094,126,41,29,359,175,348,175,107,27,10592,339,-44,383,192,1
141,271,2,1097,126,41,29,360,176,351,176,106,27,10589,340,-43,383,193,2
140,270,1,1094,126,41,29,359,175,348,175,107,27,10592,339,-44,383,192,1
141,271,2,1097,126,41,29,360,176,351,176,106,27,10589,340,-43,383,193,2
140,270,1,1094,126,41,29,359,175,348,175,107,27,10592,339,-44,383,192,1
140,270,1,1094,126,41,29,359,175,348,175,107,27,10592,339,-44,383,192,1
140,270,1,1094,126,41,29,359,175,348,175,107,27,10592,339,-44,383,192,1
140,270,1,1094,126,41,29,359,175,348,175,107,27,10592,339,-44,383,192,1
140,270,1,1094,126,41,29,359,175,348,175,107,27,10592,339,-44,383,192,1
140,270,1,1094,126,41,29,359,175,348,175,107,27,10592,339,-44,383,192,1
140,270,1,1094,126,41,29,359,175,348,175,107,27,10592,339,-44,383,192,1
140,270,1,1094,126,41,29,359,175,348,175,107,27,10592,339,-44,383,192,1
141,271,2,1097,126,41,29,360,176,351,176,106,27,10589,340,-43,383,193,2
140,270,1,1094,126,41,29,359,175,348,175,107,27,10592,339,-44,383,192,1
140,270,1,1094,126,41,29,359,175,348,175,107,27,10592,339,-44,383,192,1
141,271,2,1097,126,41,29,360,176,351,176,106,27,10589,340,-43,383,193,2
141,271,2,1097,126,41,29,360,176,351,176,106,27,10589,340,-43,383,193,2
141,271,2,1097,126,41,29,360,176,351,176,106,27,10589,340,-43,383,193,2
140,270,1,1094,126,41,29,359,175,348,175,107,27,10592,339,-44,383,192,1
140,270,1,1094,126,41,29,359,175,348,175,107,27,10592,339,-44,383,192,1
141,271,2,1097,126,41,29,360,176,351,176,106,27,10589,340,-43,383,193,2
140,270,1,1094,126,41,29,359,175,348,175,107,27,10592,339,-44,383,192,1
141,271,2,1097,126,41,29,360,176,351,176,106,27,10589,340,-43,383,193,2
141,271,2,1097,126,41,29,360,176,351,176,106,27,10589,340,-43,383,193,2
140,271,0,1099,128,40,29,363,174,350,174,108,27,10621,340,-46,386,193,0
140,271,0,1099,128,40,29,363,174,350,174,108,27,10621,340,-46,386,193,0
140,270,1,1094,126,41,29,359,175,348,175,107,27,10592,339,-44,383,192,1
140,270,1,1094,126,41,29,359,175,348,175,107,27,10592,339,-44,383,192,1
140,270,1,1096,126,41,28,359,176,348,176,107,27,10575,339,-44,383,193,1
140,270,1,1096,126,41,28,359,176,348,176,107,27,10575,339,-44,383,193,1
140,270,0,1096,126,41,29,360,175,349,175,107,27,10608,339,-46,385,193,0
141,272,2,1091,125,41,29,356,176,350,176,104,27,10586,340,-42,382,193,2
141,271,2,1097,126,41,29,360,176,350,176,106,27,10580,339,-43,382,193,2
140,270,1,1096,126,41,28,359,176,348,176,107,27,10575,339,-44,383,193,1
140,271,0,1098,128,40,29,363,174,349,174,108,27,10611,340,-46,386,193,0
140,271,0,1098,128,40,29,363,174,349,174,108,27,10611,340,-46,386,193,0
141,271,2,1097,126,41,29,360,176,350,176,106,27,10580,339,-43,382,193,2
141,271,2,1097,126,41,29,360,176,350,176,106,27,10580,339,-43,382,193,2
140,271,0,1098,128,40,29,363,174,349,174,108,27,10611,340,-46,386,193,0
141,271,2,1097,126,41,29,360,176,350,176,106,27,10580,339,-43,382,193,2
140,270,1,1096,126,41,28,359,176,348,176,107,27,10575,339,-44,383,193,1
141,271,2,1098,126,41,29,359,176,352,176,106,27,10579,339,-43,382,193,2
140,270,1,1096,126,41,28,359,176,348,176,107,27,10575,339,-44,383,193,1
141,271,2,1097,126,41,29,360,176,350,176,106,27,10580,339,-43,382,193,2
140,270,1,1096,126,41,28,359,176,348,176,107,27,10575,339,-44,383,193,1
141,271,2,1097,126,41,29,360,176,350,176,106,27,10580,339,-43,382,193,2
140,270,1,1096,126,41,28,359,176,348,176,107,27,10575,339,-44,383,193,1
141,271,2,1097,126,41,29,360,176,350,176,106,27,10580,339,-43,382,193,2
140,270,1,1096,126,41,28,359,176,348,176,107,27,10575,339,-44,383,193,1
141,271,2,1097,126,41,29,360,176,350,176,106,27,10580,339,-43,382,193,2
141,271,2,1097,126,41,29,360,176,350,176,106,27,10580,339,-43,382,193,2
141,271,2,1097,126,41,29,360,176,350,176,106,27,10580,339,-43,382,193,2
140,270,1,1096,126,41,28,359,176,348,176,107,27,10575,339,-44,383,193,1
140,270,1,1096,126,41,28,359,176,348,176,107,27,10575,339,-44,383,193,1
140,270,1,1096,126,41,28,359,176,348,176,107,27,10575,339,-44,383,193,1
141,272,2,1091,125,41,29,356,176,350,176,104,27,10586,340,-42,382,193,2
140,270,1,1096,126,41,28,359,176,348,176,107,27,10575,339,-44,383,193,1
140,270,1,1096,126,41,28,359,176,348,176,107,27,10575,339,-44,383,193,1
140,270,1,1096,126,41,28,359,176,348,176,107,27,10575,339,-44,383,193,1
140,270,1,1096,126,41,28,359,176,348,176,107,27,10575,339,-44,383,193,1
140,270,1,1096,126,41,28,359,176,348,176,107,27,10575,339,-44,383,193,1
141,271,2,1097,126,41,29,360,176,350,176,106,27,10580,339,-43,382,193,2
141,271,2,1097,126,41,29,360,176,350,176,106,27,10580,339,-43,382,193,2
141,271,2,1097,126,41,29,360,176,350,176,106,27,10580,339,-43,382,193,2
141,271,2,1097,126,41,29,360,176,350,176,106,27,10580,339,-43,382,193,2
141,271,2,1097,126,41,29,360,176,350,176,106,27,10580,339,-43,382,193,2
141,271,2,1097,126,41,29,360,176,350,176,106,27,10580,339,-43,382,193,2
141,271,2,1097,126,41,29,360,176,350,176,106,27,10580,339,-43,382,193,2
