bio_1,bio_2,bio_3,bio_4,bio_5,bio_6,bio_7,bio_8,bio_9,bio_10,bio_11,bio_12,bio_13,bio_14,bio_15,bio_16,bio_17,bio_18,bio_19
89,114,28,10165,289,-116,405,214,-49,214,-49,917,105,32,32,312,127,312,127
89,114,28,10159,288,-116,404,214,-49,214,-49,918,105,32,32,312,128,312,128
89,114,28,10159,288,-116,404,214,-49,214,-49,918,105,32,32,312,128,312,128
90,114,28,10114,289,-114,403,214,-48,214,-48,923,105,33,32,312,130,312,130
89,114,28,10145,288,-115,403,214,-49,214,-49,919,105,32,32,312,128,312,128
89,113,27,10176,288,-117,405,214,-50,214,-50,919,105,32,32,312,128,312,128
89,113,27,10176,288,-117,405,214,-50,214,-50,919,105,32,32,312,128,312,128
89,114,28,10145,288,-115,403,214,-49,214,-49,919,105,32,32,312,128,312,128
91,115,28,10132,290,-113,403,215,-47,215,-47,925,106,34,31,311,132,311,132
88,113,28,10153,286,-116,402,213,-50,213,-50,920,105,32,32,312,128,312,128
88,113,28,10102,286,-115,401,213,-49,213,-49,920,105,32,32,312,128,312,128
88,113,28,10102,286,-115,401,213,-49,213,-49,920,105,32,32,312,128,312,128
88,113,28,10102,286,-115,401,213,-49,213,-49,920,105,32,32,312,128,312,128
88,113,28,10102,286,-115,401,213,-49,213,-49,920,105,32,32,312,128,312,128
87,112,27,10140,285,-117,402,211,-51,211,-51,910,104,32,32,310,126,310,126
92,114,28,10126,291,-112,403,216,-46,216,-46,928,106,34,31,310,133,310,133
88,112,27,10104,286,-115,401,213,-49,213,-49,920,105,32,32,312,128,312,128
92,114,28,10126,291,-112,403,216,-46,216,-46,928,106,34,31,310,133,310,133
93,115,28,10115,291,-111,402,217,-45,217,-45,928,106,34,31,310,133,310,133
93,115,28,10115,291,-111,402,217,-45,217,-45,928,106,34,31,310,133,310,133
89,112,27,10127,287,-115,402,213,-49,213,-49,916,104,32,32,310,128,310,128
92,115,28,10108,291,-111,402,217,-45,217,-45,927,106,34,31,310,133,310,133
85,111,27,10112,283,-119,402,209,-53,209,-53,892,104,31,32,306,124,306,124
92,114,28,10132,290,-112,402,216,-46,216,-46,927,106,34,31,310,133,310,133
84,111,27,10111,282,-120,402,208,-54,208,-54,891,104,31,32,306,124,306,124
85,110,27,10126,283,-119,402,209,-54,209,-54,892,104,31,32,306,124,306,124
84,110,27,10098,282,-120,402,208,-54,208,-54,890,104,31,32,305,124,305,124
84,110,27,10119,282,-120,402,208,-54,208,-54,891,104,31,32,306,124,306,124
84,110,27,10119,282,-120,402,208,-54,208,-54,891,104,31,32,306,124,306,124
84,110,27,10130,282,-120,402,209,-54,209,-54,891,104,31,32,306,124,306,124
86,111,27,10100,283,-118,401,210,-52,210,-52,896,103,31,32,306,124,306,124
93,115,28,10153,293,-111,404,218,-45,218,-45,930,106,35,30,309,135,309,135
93,115,28,10153,293,-111,404,218,-45,218,-45,930,106,35,30,309,135,309,135
93,115,28,10153,293,-111,404,218,-45,218,-45,930,106,35,30,309,135,309,135
86,111,27,10104,283,-118,401,210,-52,210,-52,896,103,31,32,306,124,306,124
86,111,27,10104,283,-118,401,210,-52,210,-52,896,103,31,32,306,124,306,124
86,111,27,10104,283,-118,401,210,-52,210,-52,896,103,31,32,306,124,306,124
84,110,27,10115,282,-120,402,208,-54,208,-54,891,104,31,32,306,124,306,124
94,115,28,10115,292,-110,402,218,-44,218,-44,932,105,35,30,307,135,307,135
93,115,28,10153,293,-111,404,218,-45,218,-45,930,106,35,30,309,135,309,135
85,110,27,10126,283,-119,402,209,-54,209,-54,892,104,31,32,306,124,306,124
91,113,28,10111,290,-112,402,216,-46,216,-46,923,105,33,31,310,131,310,131
92,114,28,10109,291,-111,402,217,-45,217,-45,925,106,34,31,310,133,310,133
92,114,28,10109,291,-111,402,217,-45,217,-45,925,106,34,31,310,133,310,133
91,113,28,10111,290,-112,402,216,-46,216,-46,923,105,33,31,310,131,310,131
85,110,27,10112,282,-119,401,208,-54,208,-54,891,104,31,32,306,124,306,124
84,110,27,10111,282,-120,402,208,-54,208,-54,889,104,31,32,305,124,305,124
91,113,28,10102,289,-112,401,215,-47,215,-47,923,105,33,31,310,131,310,131
93,115,28,10107,292,-110,402,218,-44,218,-44,928,105,35,30,307,135,307,135
84,110,27,10095,282,-119,401,208,-53,208,-53,892,104,31,32,306,124,306,124
91,113,28,10111,290,-112,402,216,-46,216,-46,923,105,33,31,310,131,310,131
85,110,27,10081,282,-118,400,209,-52,209,-52,898,104,31,32,307,125,307,125
84,110,27,10121,282,-120,402,208,-54,208,-54,887,104,31,33,305,123,305,123
91,113,28,10111,290,-112,402,216,-46,216,-46,923,105,33,31,310,131,310,131
84,110,27,10121,282,-120,402,208,-54,208,-54,887,104,31,33,305,123,305,123
84,110,27,10117,282,-120,402,209,-54,209,-54,887,104,31,33,305,123,305,123
86,111,27,10090,283,-117,400,210,-51,210,-51,898,103,31,32,306,125,306,125
89,112,27,10111,287,-114,401,213,-49,213,-49,921,105,33,32,311,130,311,130
85,110,27,10085,282,-119,401,208,-53,208,-53,892,104,31,32,306,124,306,124
84,110,27,10077,282,-119,401,208,-53,208,-53,892,104,31,32,306,124,306,124
86,111,27,10083,283,-117,400,210,-51,210,-51,899,103,31,32,306,125,306,125
86,111,27,10083,283,-117,400,210,-51,210,-51,899,103,31,32,306,125,306,125
93,115,28,10107,292,-110,402,218,-44,218,-44,929,106,35,30,308,135,308,135
93,114,28,10155,292,-111,403,218,-45,218,-45,930,106,35,30,309,135,309,135
84,110,27,10107,282,-120,402,208,-54,208,-54,887,104,31,33,305,123,305,123
89,112,28,10107,286,-114,400,213,-49,213,-49,915,104,32,32,310,129,310,129
84,110,27,10109,282,-119,401,208,-54,208,-54,889,104,31,32,305,124,305,124
84,110,27,10073,282,-119,401,208,-53,208,-53,890,104,31,32,305,124,305,124
84,110,27,10073,282,-119,401,208,-53,208,-53,890,104,31,32,305,124,305,124
89,112,28,10105,287,-113,400,213,-48,213,-48,923,105,33,31,311,131,311,131
86,111,27,10092,283,-117,400,210,-51,210,-51,903,103,31,32,308,125,308,125
86,111,27,10092,283,-117,400,210,-51,210,-51,903,103,31,32,308,125,308,125
94,115,28,10116,292,-110,402,218,-44,218,-44,930,105,35,30,307,135,307,135
86,110,27,10093,283,-117,400,210,-52,210,-52,916,104,32,32,311,127,311,127
92,114,28,10123,291,-111,402,217,-45,217,-45,928,106,34,30,309,134,309,134
84,110,27,10096,281,-119,400,208,-54,208,-54,890,104,31,32,305,124,305,124
94,115,28,10127,293,-110,403,218,-44,218,-44,930,105,35,30,307,136,307,136
86,110,27,10089,282,-117,399,210,-52,210,-52,899,103,31,32,307,125,307,125
86,110,27,10093,282,-117,399,210,-52,210,-52,901,103,31,32,307,125,307,125
84,110,27,10096,281,-119,400,208,-54,208,-54,890,104,31,32,305,124,305,124
84,110,27,10062,281,-119,400,208,-53,208,-53,890,104,31,32,305,124,305,124
88,111,27,10086,285,-115,400,212,-49,212,-49,916,104,32,31,310,129,310,129
85,110,27,10094,281,-118,399,209,-52,209,-52,900,103,31,32,307,125,307,125
85,110,27,10094,281,-118,399,209,-52,209,-52,900,103,31,32,307,125,307,125
85,110,27,10094,281,-118,399,209,-52,209,-52,900,103,31,32,307,125,307,125
84,109,27,10063,280,-119,399,207,-54,207,-54,888,104,31,32,305,124,305,124
84,109,27,10080,281,-119,400,208,-53,208,-53,890,104,31,32,305,124,305,124
84,109,27,10080,281,-119,400,208,-53,208,-53,890,104,31,32,305,124,305,124
83,109,27,10070,280,-120,400,207,-54,207,-54,889,104,31,32,305,124,305,124
83,109,27,10070,280,-120,400,207,-54,207,-54,889,104,31,32,305,124,305,124
92,114,28,10137,292,-111,403,217,-45,217,-45,932,106,35,30,309,136,309,136
86,110,27,10068,281,-117,398,209,-52,209,-52,898,103,31,32,306,125,306,125
85,109,27,10062,281,-118,399,209,-52,209,-52,902,104,32,32,308,126,308,126
86,110,27,10068,281,-117,398,209,-52,209,-52,898,103,31,32,306,125,306,125
86,110,27,10068,281,-117,398,209,-52,209,-52,898,103,31,32,306,125,306,125
86,110,27,10068,281,-117,398,209,-52,209,-52,898,103,31,32,306,125,306,125
86,110,27,10068,281,-117,398,209,-52,209,-52,898,103,31,32,306,125,306,125
86,110,27,10068,281,-117,398,209,-52,209,-52,898,103,31,32,306,125,306,125
84,109,27,10078,281,-118,399,208,-53,208,-53,892,104,31,32,305,125,305,125
84,109,27,10068,280,-119,399,208,-53,208,-53,896,104,31,32,306,125,306,125
84,109,27,10078,281,-118,399,208,-53,208,-53,892,104,31,32,305,125,305,125
84,109,27,10078,281,-118,399,208,-53,208,-53,892,104,31,32,305,125,305,125
84,109,27,10068,280,-119,399,208,-53,208,-53,896,104,31,32,306,125,306,125
83,109,27,10065,280,-119,399,207,-54,207,-54,886,104,31,33,304,123,304,123
83,109,27,10065,280,-119,399,207,-54,207,-54,886,104,31,33,304,123,304,123
84,109,27,10078,281,-118,399,208,-53,208,-53,892,104,31,32,305,125,305,125
84,109,27,10078,281,-118,399,208,-53,208,-53,892,104,31,32,305,125,305,125
84,109,27,10078,281,-118,399,208,-53,208,-53,892,104,31,32,305,125,305,125
84,109,27,10068,280,-119,399,208,-53,208,-53,896,104,31,32,306,125,306,125
90,111,27,10099,287,-113,400,214,-47,214,-47,922,105,33,31,310,132,310,132
90,111,27,10099,287,-113,400,214,-47,214,-47,922,105,33,31,310,132,310,132
90,111,27,10099,287,-113,400,214,-47,214,-47,922,105,33,31,310,132,310,132
86,110,27,10068,281,-117,398,209,-52,209,-52,898,103,31,32,306,125,306,125
84,109,27,10068,280,-119,399,208,-53,208,-53,896,104,31,32,306,125,306,125
84,109,27,10068,280,-119,399,208,-53,208,-53,896,104,31,32,306,125,306,125
84,109,27,10079,281,-119,400,208,-53,208,-53,889,104,31,32,305,124,305,124
84,109,27,10079,281,-119,400,208,-53,208,-53,889,104,31,32,305,124,305,124
83,109,27,10065,280,-119,399,207,-54,207,-54,886,104,31,33,304,123,304,123
90,111,27,10091,287,-112,399,214,-47,214,-47,921,105,33,31,310,131,310,131
90,112,28,10066,288,-112,400,214,-46,214,-46,922,105,33,31,309,132,309,132
84,109,27,10050,280,-119,399,207,-54,207,-54,890,104,31,32,305,124,305,124
84,109,27,10068,280,-119,399,208,-53,208,-53,896,104,31,32,306,125,306,125
83,109,27,10065,280,-119,399,207,-54,207,-54,889,104,31,32,305,124,305,124
83,109,27,10065,280,-119,399,207,-54,207,-54,889,104,31,32,305,124,305,124
83,109,27,10052,280,-119,399,207,-54,207,-54,887,104,31,32,304,124,304,124
83,109,27,10052,280,-119,399,207,-54,207,-54,887,104,31,32,304,124,304,124
84,109,27,10068,280,-119,399,208,-53,208,-53,896,104,31,32,306,125,306,125
91,112,28,10072,288,-112,400,215,-46,215,-46,922,105,33,31,309,132,309,132
84,109,27,10047,280,-118,398,208,-53,208,-53,891,103,31,32,304,125,304,125
85,109,27,10059,280,-118,398,208,-53,208,-53,902,104,32,32,308,126,308,126
85,109,27,10059,280,-118,398,208,-53,208,-53,902,104,32,32,308,126,308,126
85,109,27,10059,280,-118,398,208,-53,208,-53,902,104,32,32,308,126,308,126
91,111,27,10086,288,-111,399,215,-46,215,-46,923,105,33,31,310,132,310,132
84,109,27,10062,280,-118,398,208,-53,208,-53,891,103,31,32,304,125,304,125
84,109,27,10062,280,-118,398,208,-53,208,-53,891,103,31,32,304,125,304,125
84,109,27,10081,280,-118,398,208,-53,208,-53,897,104,31,32,307,125,307,125
84,109,27,10062,280,-118,398,208,-53,208,-53,891,103,31,32,304,125,304,125
83,109,27,10056,280,-119,399,207,-54,207,-54,887,104,31,32,304,124,304,124
84,109,27,10047,280,-118,398,208,-53,208,-53,891,103,31,32,304,125,304,125
84,109,27,10062,280,-118,398,208,-53,208,-53,891,103,31,32,304,125,304,125
84,109,27,10047,280,-118,398,208,-53,208,-53,891,103,31,32,304,125,304,125
84,109,27,10062,280,-118,398,208,-53,208,-53,891,103,31,32,304,125,304,125
94,114,28,10139,293,-110,403,219,-44,219,-44,932,105,35,30,307,136,307,136
84,109,27,10062,280,-118,398,208,-53,208,-53,891,103,31,32,304,125,304,125
85,109,27,10057,281,-117,398,209,-52,209,-52,897,103,31,32,305,125,305,125
85,109,27,10057,281,-117,398,209,-52,209,-52,897,103,31,32,305,125,305,125
85,109,27,10057,281,-117,398,209,-52,209,-52,897,103,31,32,305,125,305,125
85,109,27,10057,281,-117,398,209,-52,209,-52,897,103,31,32,305,125,305,125
85,109,27,10057,281,-117,398,209,-52,209,-52,897,103,31,32,305,125,305,125
84,109,27,10047,280,-118,398,208,-53,208,-53,891,103,31,32,304,125,304,125
84,109,27,10047,280,-118,398,208,-53,208,-53,891,103,31,32,304,125,304,125
84,109,27,10047,280,-118,398,208,-53,208,-53,891,103,31,32,304,125,304,125
84,109,27,10062,280,-118,398,208,-53,208,-53,891,103,31,32,304,125,304,125
84,109,27,10047,280,-119,399,207,-53,207,-53,890,104,31,32,305,124,305,124
84,109,27,10047,280,-119,399,207,-53,207,-53,890,104,31,32,305,124,305,124
84,109,27,10062,280,-118,398,208,-53,208,-53,891,103,31,32,304,125,304,125
84,109,27,10062,280,-118,398,208,-53,208,-53,891,103,31,32,304,125,304,125
84,109,27,10062,280,-118,398,208,-53,208,-53,891,103,31,32,304,125,304,125
84,109,27,10047,280,-118,398,208,-53,208,-53,891,103,31,32,304,125,304,125
84,109,27,10047,280,-118,398,208,-53,208,-53,891,103,31,32,304,125,304,125
84,109,27,10062,280,-118,398,208,-53,208,-53,891,103,31,32,304,125,304,125
84,109,27,10047,280,-118,398,208,-53,208,-53,891,103,31,32,304,125,304,125
84,109,27,10062,280,-118,398,208,-53,208,-53,891,103,31,32,304,125,304,125
84,109,27,10038,280,-119,399,207,-53,207,-53,887,104,31,32,304,124,304,124
84,109,27,10047,280,-118,398,208,-53,208,-53,891,103,31,32,304,125,304,125
84,109,27,10047,280,-118,398,208,-53,208,-53,891,103,31,32,304,125,304,125
84,109,27,10047,280,-118,398,208,-53,208,-53,891,103,31,32,304,125,304,125
84,109,27,10047,280,-118,398,208,-53,208,-53,891,103,31,32,304,125,304,125
85,109,27,10057,281,-117,398,209,-52,209,-52,897,103,31,32,305,125,305,125
84,109,27,10062,280,-118,398,208,-53,208,-53,891,103,31,32,304,125,304,125
84,109,27,10047,280,-118,398,208,-53,208,-53,891,103,31,32,304,125,304,125
84,109,27,10047,280,-118,398,208,-53,208,-53,891,103,31,32,304,125,304,125
83,108,27,10053,279,-119,398,207,-54,207,-54,891,104,31,32,305,125,305,125
85,109,27,10016,280,-118,398,208,-52,208,-52,891,103,31,32,304,125,304,125
83,108,27,10053,279,-119,398,207,-54,207,-54,891,104,31,32,305,125,305,125
85,109,27,10016,280,-118,398,208,-52,208,-52,891,103,31,32,304,125,304,125
84,109,27,10025,280,-118,398,208,-52,208,-52,891,103,31,32,304,125,304,125
84,109,27,10025,280,-118,398,208,-52,208,-52,891,103,31,32,304,125,304,125
84,109,27,10025,280,-118,398,208,-52,208,-52,891,103,31,32,304,125,304,125
85,109,27,10016,280,-118,398,208,-52,208,-52,891,103,31,32,304,125,304,125
85,109,27,10016,280,-118,398,208,-52,208,-52,891,103,31,32,304,125,304,125
85,109,27,10020,280,-118,398,208,-52,208,-52,891,103,31,32,304,125,304,125
85,109,27,10016,280,-118,398,208,-52,208,-52,891,103,31,32,304,125,304,125
85,109,27,10016,280,-118,398,208,-52,208,-52,891,103,31,32,304,125,304,125
83,108,27,10055,279,-119,398,207,-54,207,-54,887,104,31,32,304,124,304,124
84,109,27,10025,280,-118,398,208,-52,208,-52,891,103,31,32,304,125,304,125
85,109,27,10016,280,-118,398,208,-52,208,-52,891,103,31,32,304,125,304,125
85,109,27,10016,280,-118,398,208,-52,208,-52,891,103,31,32,304,125,304,125
84,109,27,10025,280,-118,398,208,-52,208,-52,891,103,31,32,304,125,304,125
84,109,27,10025,280,-118,398,208,-52,208,-52,891,103,31,32,304,125,304,125
85,109,27,10016,280,-118,398,208,-52,208,-52,891,103,31,32,304,125,304,125
84,108,27,10040,279,-118,397,207,-53,207,-53,891,103,31,32,304,125,304,125
84,108,27,10040,279,-118,397,207,-53,207,-53,891,103,31,32,304,125,304,125
86,109,27,10062,281,-116,397,209,-51,209,-51,905,104,32,32,308,127,308,127
86,109,27,10062,281,-116,397,209,-51,209,-51,905,104,32,32,308,127,308,127
86,109,27,10062,281,-116,397,209,-51,209,-51,905,104,32,32,308,127,308,127
86,109,27,10062,281,-116,397,209,-51,209,-51,905,104,32,32,308,127,308,127
84,108,27,10059,279,-118,397,208,-53,208,-53,894,103,31,32,304,125,304,125
86,109,27,10062,281,-116,397,209,-51,209,-51,905,104,32,32,308,127,308,127
86,109,27,10068,281,-117,398,209,-52,209,-52,906,104,32,32,308,127,308,127
86,109,27,10068,281,-117,398,209,-52,209,-52,906,104,32,32,308,127,308,127
89,110,27,10045,284,-112,396,213,-47,213,-47,915,104,33,31,308,131,308,131
85,108,27,10062,281,-116,397,210,-51,210,-51,909,104,32,32,308,128,308,128
85,108,27,10052,281,-116,397,209,-51,209,-51,910,104,32,31,308,128,308,128
84,108,27,10042,279,-117,396,208,-52,208,-52,894,103,31,32,304,125,304,125
93,112,28,10097,291,-109,400,217,-44,217,-44,928,106,34,30,309,135,309,135
83,107,26,10022,278,-119,397,206,-54,206,-54,890,104,31,32,304,125,304,125
83,107,26,10036,278,-119,397,207,-53,207,-53,890,103,31,32,303,125,303,125
83,107,26,10036,278,-119,397,207,-53,207,-53,890,103,31,32,303,125,303,125
83,107,26,10011,278,-119,397,206,-53,206,-53,888,103,31,32,303,125,303,125
86,108,27,10021,280,-115,395,209,-50,209,-50,911,104,32,31,308,129,308,129
83,107,26,10022,278,-119,397,206,-54,206,-54,889,103,31,32,303,125,303,125
83,107,26,10022,278,-119,397,206,-54,206,-54,889,103,31,32,303,125,303,125
83,107,26,10022,278,-119,397,206,-54,206,-54,889,103,31,32,303,125,303,125
83,107,26,10022,278,-119,397,206,-54,206,-54,889,103,31,32,303,125,303,125
83,107,26,10022,278,-119,397,206,-54,206,-54,889,103,31,32,303,125,303,125
83,107,26,10022,278,-119,397,206,-54,206,-54,889,103,31,32,303,125,303,125
83,107,26,10011,278,-119,397,206,-53,206,-53,888,103,31,32,303,125,303,125
83,107,26,10011,278,-119,397,206,-53,206,-53,888,103,31,32,303,125,303,125
83,107,26,10022,278,-119,397,206,-54,206,-54,890,103,31,32,303,125,303,125
83,107,26,10011,278,-119,397,206,-53,206,-53,888,103,31,32,303,125,303,125
84,107,27,9995,278,-118,396,206,-53,206,-53,891,103,31,32,304,125,304,125
84,107,27,9995,278,-118,396,206,-53,206,-53,891,103,31,32,304,125,304,125
84,107,27,9995,278,-118,396,206,-53,206,-53,891,103,31,32,304,125,304,125
84,107,27,9995,278,-118,396,206,-53,206,-53,891,103,31,32,304,125,304,125
84,107,27,9995,278,-118,396,206,-53,206,-53,891,103,31,32,304,125,304,125
84,107,27,9995,278,-118,396,206,-53,206,-53,891,103,31,32,304,125,304,125
94,113,28,10087,293,-108,401,218,-43,218,-43,933,106,35,30,309,137,309,137
94,113,28,10087,293,-108,401,218,-43,218,-43,933,106,35,30,309,137,309,137
94,113,28,10087,293,-108,401,218,-43,218,-43,933,106,35,30,309,137,309,137
94,113,28,10087,293,-108,401,218,-43,218,-43,933,106,35,30,309,137,309,137
94,113,28,10087,293,-108,401,218,-43,218,-43,933,106,35,30,309,137,309,137
83,107,27,10000,277,-119,396,206,-53,206,-53,890,103,31,32,303,125,303,125
95,114,28,10080,294,-107,401,219,-42,219,-42,929,105,35,30,306,137,306,137
83,107,27,10000,277,-119,396,206,-53,206,-53,890,103,31,32,303,125,303,125
84,108,27,10011,278,-117,395,207,-52,207,-52,895,103,31,32,304,126,304,126
95,114,28,10080,294,-107,401,219,-42,219,-42,929,105,35,30,306,137,306,137
95,114,28,10080,294,-107,401,219,-42,219,-42,929,105,35,30,306,137,306,137
84,108,27,10012,278,-117,395,207,-52,207,-52,890,103,31,32,303,125,303,125
83,107,27,9999,277,-118,395,206,-53,206,-53,888,103,31,32,303,125,303,125
83,107,27,9999,277,-118,395,206,-53,206,-53,888,103,31,32,303,125,303,125
83,107,27,9994,277,-118,395,206,-53,206,-53,889,103,31,32,303,125,303,125
83,107,27,9994,277,-118,395,206,-53,206,-53,889,103,31,32,303,125,303,125
83,107,27,9994,277,-118,395,206,-53,206,-53,889,103,31,32,303,125,303,125
83,107,27,9994,277,-118,395,206,-53,206,-53,889,103,31,32,303,125,303,125
83,107,27,9994,277,-118,395,206,-53,206,-53,889,103,31,32,303,125,303,125
83,107,27,9994,277,-118,395,206,-53,206,-53,889,103,31,32,303,125,303,125
83,107,27,9994,277,-118,395,206,-53,206,-53,889,103,31,32,303,125,303,125
83,107,27,9999,277,-118,395,206,-53,206,-53,889,103,31,32,303,125,303,125
83,107,27,9999,277,-118,395,206,-53,206,-53,889,103,31,32,303,125,303,125
95,113,28,10097,294,-108,402,219,-42,219,-42,928,105,35,30,305,137,305,137
83,107,27,9994,277,-118,395,206,-53,206,-53,889,103,31,32,303,125,303,125
83,107,27,9999,277,-118,395,206,-53,206,-53,889,103,31,32,303,125,303,125
83,107,27,9994,277,-118,395,206,-53,206,-53,889,103,31,32,303,125,303,125
96,114,28,10100,294,-108,402,219,-42,219,-42,929,104,35,30,305,137,305,137
83,107,27,9999,277,-118,395,206,-53,206,-53,889,103,31,32,303,125,303,125
95,114,28,10100,294,-107,401,219,-42,219,-42,929,105,35,30,306,137,306,137
83,107,27,9999,277,-118,395,206,-53,206,-53,889,103,31,32,303,125,303,125
83,107,27,9994,277,-118,395,206,-53,206,-53,889,103,31,32,303,125,303,125
83,107,27,9999,277,-118,395,206,-53,206,-53,889,103,31,32,303,125,303,125
83,107,27,9999,277,-118,395,206,-53,206,-53,889,103,31,32,303,125,303,125
83,107,27,9994,277,-118,395,206,-53,206,-53,889,103,31,32,303,125,303,125
83,107,27,9999,277,-118,395,206,-53,206,-53,889,103,31,32,303,125,303,125
83,107,27,9999,277,-118,395,206,-53,206,-53,889,103,31,32,303,125,303,125
83,107,27,9999,277,-118,395,206,-53,206,-53,889,103,31,32,303,125,303,125
83,106,26,9998,276,-118,394,205,-54,205,-54,891,103,31,32,303,125,303,125
83,106,26,9998,276,-118,394,205,-54,205,-54,891,103,31,32,303,125,303,125
83,106,26,9998,276,-118,394,205,-54,205,-54,891,103,31,32,303,125,303,125
83,106,26,9998,276,-118,394,205,-54,205,-54,891,103,31,32,303,125,303,125
83,106,26,9998,276,-118,394,205,-54,205,-54,891,103,31,32,303,125,303,125
83,106,26,9987,277,-117,394,206,-53,206,-53,890,103,31,32,303,125,303,125
83,106,26,9987,277,-117,394,206,-53,206,-53,890,103,31,32,303,125,303,125
83,106,26,9987,277,-117,394,206,-53,206,-53,890,103,31,32,303,125,303,125
83,106,26,9987,277,-117,394,206,-53,206,-53,890,103,31,32,303,125,303,125
83,106,26,9996,277,-117,394,206,-53,206,-53,889,103,31,32,303,125,303,125
83,106,26,9998,276,-118,394,205,-54,205,-54,891,103,31,32,303,125,303,125
83,106,26,9996,277,-117,394,206,-53,206,-53,889,103,31,32,303,125,303,125
94,112,28,10087,292,-108,400,218,-43,218,-43,931,106,35,30,308,137,308,137
94,112,28,10087,292,-108,400,218,-43,218,-43,931,106,35,30,308,137,308,137
94,112,28,10087,292,-108,400,218,-43,218,-43,931,106,35,30,308,137,308,137
94,112,28,10087,292,-108,400,218,-43,218,-43,931,106,35,30,308,137,308,137
94,112,28,10087,292,-108,400,218,-43,218,-43,931,106,35,30,308,137,308,137
94,112,28,10087,292,-108,400,218,-43,218,-43,931,106,35,30,308,137,308,137
94,112,28,10087,292,-108,400,218,-43,218,-43,931,106,35,30,308,137,308,137
94,112,28,10087,292,-108,400,218,-43,218,-43,931,106,35,30,308,137,308,137
94,112,28,10087,292,-108,400,218,-43,218,-43,931,106,35,30,308,137,308,137
94,112,28,10087,292,-108,400,218,-43,218,-43,931,106,35,30,308,137,308,137
94,112,28,10087,292,-108,400,218,-43,218,-43,931,106,35,30,308,137,308,137
97,113,28,10082,294,-107,401,220,-41,220,-41,929,103,35,29,301,136,301,136
97,113,28,10082,294,-107,401,220,-41,220,-41,929,103,35,29,301,136,301,136
97,113,28,10082,294,-107,401,220,-41,220,-41,929,103,35,29,301,136,301,136
83,106,26,9996,277,-117,394,206,-53,206,-53,889,103,31,32,303,125,303,125
83,106,26,9996,277,-117,394,206,-53,206,-53,889,103,31,32,303,125,303,125
95,113,28,10085,293,-107,400,219,-42,219,-42,933,106,35,30,308,138,308,138
93,112,28,10066,291,-108,399,217,-43,217,-43,927,105,34,30,307,136,307,136
95,113,28,10085,293,-107,400,219,-42,219,-42,933,106,35,30,308,138,308,138
95,113,28,10099,294,-107,401,219,-42,219,-42,928,105,35,30,306,138,306,138
83,106,26,9965,276,-118,394,205,-53,205,-53,889,103,31,32,303,125,303,125
83,106,26,9965,276,-118,394,205,-53,205,-53,889,103,31,32,303,125,303,125
83,106,26,9983,277,-118,395,206,-52,206,-52,888,103,31,32,303,125,303,125
83,106,26,9983,277,-118,395,206,-52,206,-52,888,103,31,32,303,125,303,125
83,106,26,9983,277,-118,395,206,-52,206,-52,888,103,31,32,303,125,303,125
83,106,26,9983,277,-118,395,206,-52,206,-52,888,103,31,32,303,125,303,125
83,106,26,9983,277,-118,395,206,-52,206,-52,888,103,31,32,303,125,303,125
83,106,26,9983,277,-118,395,206,-52,206,-52,888,103,31,32,303,125,303,125
83,106,26,9983,277,-118,395,206,-52,206,-52,888,103,31,32,303,125,303,125
83,106,26,9983,277,-118,395,206,-52,206,-52,888,103,31,32,303,125,303,125
83,106,26,9983,277,-118,395,206,-52,206,-52,888,103,31,32,303,125,303,125
83,106,26,9983,277,-118,395,206,-52,206,-52,888,103,31,32,303,125,303,125
83,106,26,9983,277,-118,395,206,-52,206,-52,888,103,31,32,303,125,303,125
84,106,26,9983,278,-116,394,207,-52,207,-52,895,103,32,31,303,128,303,128
84,106,26,9983,278,-116,394,207,-52,207,-52,895,103,32,31,303,128,303,128
83,106,26,9983,277,-118,395,206,-52,206,-52,888,103,31,32,303,125,303,125
95,113,28,10099,294,-107,401,219,-42,219,-42,928,105,35,30,306,138,306,138
91,108,27,10022,286,-108,394,215,-45,215,-45,913,104,33,30,306,133,306,133
83,106,26,9983,277,-118,395,206,-52,206,-52,888,103,31,32,303,125,303,125
83,106,26,9983,277,-118,395,206,-52,206,-52,888,103,31,32,303,125,303,125
83,106,26,9983,277,-118,395,206,-52,206,-52,888,103,31,32,303,125,303,125
83,106,26,9983,277,-118,395,206,-52,206,-52,888,103,31,32,303,125,303,125
94,113,28,10081,292,-108,400,218,-43,218,-43,936,106,35,30,308,138,308,138
83,106,26,9965,276,-118,394,205,-53,205,-53,889,103,31,32,303,125,303,125
83,106,26,9983,277,-118,395,206,-52,206,-52,888,103,31,32,303,125,303,125
83,106,26,9983,277,-118,395,206,-52,206,-52,888,103,31,32,303,125,303,125
83,106,26,9983,277,-118,395,206,-52,206,-52,888,103,31,32,303,125,303,125
83,106,26,9965,276,-118,394,205,-53,205,-53,889,103,31,32,303,125,303,125
83,106,26,9965,276,-118,394,205,-53,205,-53,889,103,31,32,303,125,303,125
83,106,26,9983,277,-118,395,206,-52,206,-52,888,103,31,32,303,125,303,125
83,106,26,9983,277,-118,395,206,-52,206,-52,888,103,31,32,303,125,303,125
83,106,26,9983,277,-118,395,206,-52,206,-52,888,103,31,32,303,125,303,125
83,106,26,9965,276,-118,394,205,-53,205,-53,889,103,31,32,303,125,303,125
83,106,26,9965,276,-118,394,205,-53,205,-53,889,103,31,32,303,125,303,125
83,106,26,9983,277,-118,395,206,-52,206,-52,888,103,31,32,303,125,303,125
83,106,26,9951,276,-117,393,205,-53,205,-53,889,103,31,32,303,125,303,125
83,106,26,9951,276,-117,393,205,-53,205,-53,889,103,31,32,303,125,303,125
85,107,27,10010,278,-115,393,209,-51,209,-51,900,103,32,31,304,129,304,129
83,106,26,9940,276,-117,393,205,-53,205,-53,889,103,31,32,303,125,303,125
83,106,26,9951,276,-117,393,205,-53,205,-53,889,103,31,32,303,125,303,125
95,113,28,10046,293,-106,399,219,-41,219,-41,928,105,35,30,306,138,306,138
83,106,26,9951,276,-117,393,205,-53,205,-53,889,103,31,32,303,125,303,125
83,106,26,9951,276,-117,393,205,-53,205,-53,889,103,31,32,303,125,303,125
83,106,26,9951,276,-117,393,205,-53,205,-53,889,103,31,32,303,125,303,125
83,106,26,9951,276,-117,393,205,-53,205,-53,889,103,31,32,303,125,303,125
83,106,26,9951,276,-117,393,205,-53,205,-53,889,103,31,32,303,125,303,125
83,106,26,9951,276,-117,393,205,-53,205,-53,889,103,31,32,303,125,303,125
83,106,26,9951,276,-117,393,205,-53,205,-53,889,103,31,32,303,125,303,125
83,106,26,9940,276,-117,393,205,-53,205,-53,889,103,31,32,303,125,303,125
83,106,26,9940,276,-117,393,205,-53,205,-53,889,103,31,32,303,125,303,125
83,106,26,9951,276,-117,393,205,-53,205,-53,889,103,31,32,303,125,303,125
83,106,26,9951,276,-117,393,205,-53,205,-53,889,103,31,32,303,125,303,125
83,106,26,9951,276,-117,393,205,-53,205,-53,889,103,31,32,303,125,303,125
95,113,28,10046,293,-106,399,219,-41,219,-41,928,105,35,30,306,138,306,138
94,111,28,10025,291,-105,396,218,-42,218,-42,922,105,34,30,306,136,306,136
94,111,28,10025,291,-105,396,218,-42,218,-42,922,105,34,30,306,136,306,136
94,111,28,10025,291,-105,396,218,-42,218,-42,922,105,34,30,306,136,306,136
94,112,28,10106,293,-107,400,219,-43,219,-43,934,105,35,30,307,138,307,138
94,112,28,10106,293,-107,400,219,-43,219,-43,934,105,35,30,307,138,307,138
84,106,27,9941,276,-116,392,206,-52,206,-52,885,102,31,32,301,125,301,125
84,106,27,9941,276,-116,392,206,-52,206,-52,885,102,31,32,301,125,301,125
94,112,28,10106,293,-107,400,219,-43,219,-43,934,105,35,30,307,138,307,138
83,106,26,9954,276,-117,393,206,-52,206,-52,890,103,31,32,303,125,303,125
94,111,28,10025,291,-105,396,218,-42,218,-42,922,105,34,30,306,136,306,136
94,111,28,10025,291,-105,396,218,-42,218,-42,922,105,34,30,306,136,306,136
84,106,26,9976,278,-116,394,207,-51,207,-51,893,103,32,31,303,128,303,128
84,106,26,9967,277,-116,393,207,-51,207,-51,895,103,32,31,303,128,303,128
94,111,28,10025,291,-105,396,218,-42,218,-42,922,105,34,30,306,136,306,136
84,106,26,9976,278,-116,394,207,-51,207,-51,893,103,32,31,303,128,303,128
93,109,27,9985,289,-105,394,216,-42,216,-42,917,104,34,30,305,136,305,136
97,112,28,10070,294,-105,399,221,-40,221,-40,927,103,35,29,301,137,301,137
97,112,28,10070,294,-105,399,221,-40,221,-40,927,103,35,29,301,137,301,137
97,112,28,10075,294,-105,399,221,-40,221,-40,927,103,35,29,301,137,301,137
97,112,28,10075,294,-105,399,221,-40,221,-40,927,103,35,29,301,137,301,137
97,112,28,10075,294,-105,399,221,-40,221,-40,927,103,35,29,301,137,301,137
97,112,28,10075,294,-105,399,221,-40,221,-40,927,103,35,29,301,137,301,137
84,106,27,9927,276,-116,392,205,-52,205,-52,887,102,31,32,301,125,301,125
88,107,27,9978,280,-112,392,211,-48,211,-48,904,103,33,31,304,131,304,131
83,105,26,9936,275,-117,392,205,-52,205,-52,884,102,31,32,300,125,300,125
94,111,27,10066,292,-107,399,218,-42,218,-42,936,105,35,29,307,139,307,139
97,112,28,10080,294,-105,399,221,-40,221,-40,929,103,35,29,302,138,302,138
92,108,27,9984,287,-106,393,215,-43,215,-43,913,104,34,30,304,135,304,135
92,108,27,9984,287,-106,393,215,-43,215,-43,913,104,34,30,304,135,304,135
92,108,27,9984,287,-106,393,215,-43,215,-43,913,104,34,30,304,135,304,135
92,108,27,9984,287,-106,393,215,-43,215,-43,913,104,34,30,304,135,304,135
92,107,27,9955,285,-106,391,214,-43,214,-43,911,103,34,30,303,135,303,135
84,105,26,9932,276,-115,391,207,-51,207,-51,887,102,31,32,300,126,300,126
84,105,26,9932,276,-115,391,207,-51,207,-51,887,102,31,32,300,126,300,126
84,105,26,9932,276,-115,391,207,-51,207,-51,887,102,31,32,300,126,300,126
84,105,26,9932,276,-115,391,207,-51,207,-51,887,102,31,32,300,126,300,126
84,105,26,9932,276,-115,391,207,-51,207,-51,887,102,31,32,300,126,300,126
86,106,27,9961,279,-113,392,209,-49,209,-49,896,102,32,31,302,129,302,129
86,106,27,9961,279,-113,392,209,-49,209,-49,896,102,32,31,302,129,302,129
92,107,27,9955,285,-106,391,214,-43,214,-43,911,103,34,30,303,135,303,135
86,106,27,9961,279,-113,392,209,-49,209,-49,896,102,32,31,302,129,302,129
86,106,27,9961,279,-113,392,209,-49,209,-49,896,102,32,31,302,129,302,129
86,106,27,9961,279,-113,392,209,-49,209,-49,896,102,32,31,302,129,302,129
94,109,27,10031,290,-105,395,218,-42,218,-42,920,104,34,30,304,137,304,137
86,106,27,9961,279,-113,392,209,-49,209,-49,896,102,32,31,302,129,302,129
86,106,27,9969,279,-113,392,209,-49,209,-49,896,102,32,31,302,129,302,129
86,106,27,9961,279,-113,392,209,-49,209,-49,896,102,32,31,302,129,302,129
92,107,27,9955,285,-106,391,214,-43,214,-43,911,103,34,30,303,135,303,135
86,106,27,9969,279,-113,392,209,-49,209,-49,896,102,32,31,302,129,302,129
86,106,27,9961,279,-113,392,209,-49,209,-49,896,102,32,31,302,129,302,129
86,106,27,9969,279,-113,392,209,-49,209,-49,896,102,32,31,302,129,302,129
83,104,26,9902,274,-116,390,205,-52,205,-52,880,102,31,32,299,125,299,125
86,106,27,9969,279,-113,392,209,-49,209,-49,896,102,32,31,302,129,302,129
86,106,27,9961,279,-113,392,209,-49,209,-49,896,102,32,31,302,129,302,129
86,106,27,9969,279,-113,392,209,-49,209,-49,896,102,32,31,302,129,302,129
86,105,26,9967,278,-113,391,209,-49,209,-49,896,102,32,31,302,129,302,129
86,105,26,9967,278,-113,391,209,-49,209,-49,896,102,32,31,302,129,302,129
86,105,26,9967,278,-113,391,209,-49,209,-49,896,102,32,31,302,129,302,129
86,105,26,9968,279,-113,392,210,-49,210,-49,896,102,32,31,302,129,302,129
86,105,26,9967,278,-113,391,209,-49,209,-49,896,102,32,31,302,129,302,129
86,105,26,9967,278,-113,391,209,-49,209,-49,896,102,32,31,302,129,302,129
86,105,26,9967,278,-113,391,209,-49,209,-49,896,102,32,31,302,129,302,129
86,105,26,9968,279,-113,392,210,-49,210,-49,896,102,32,31,302,129,302,129
84,105,26,9916,276,-115,391,206,-51,206,-51,889,102,31,31,301,127,301,127
86,105,26,9967,278,-113,391,209,-49,209,-49,896,102,32,31,302,129,302,129
86,105,26,9967,278,-113,391,209,-49,209,-49,896,102,32,31,302,129,302,129
86,105,26,9967,278,-113,391,209,-49,209,-49,896,102,32,31,302,129,302,129
86,105,26,9967,278,-113,391,209,-49,209,-49,896,102,32,31,302,129,302,129
86,105,26,9968,279,-113,392,210,-49,210,-49,896,102,32,31,302,129,302,129
86,105,26,9967,278,-113,391,209,-49,209,-49,896,102,32,31,302,129,302,129
86,105,26,9967,278,-113,391,209,-49,209,-49,896,102,32,31,302,129,302,129
86,105,26,9967,278,-113,391,209,-49,209,-49,896,102,32,31,302,129,302,129
86,105,26,9967,278,-113,391,209,-49,209,-49,896,102,32,31,302,129,302,129
86,105,26,9967,278,-113,391,209,-49,209,-49,896,102,32,31,302,129,302,129
86,105,26,9967,278,-113,391,209,-49,209,-49,896,102,32,31,302,129,302,129
86,105,26,9967,278,-113,391,209,-49,209,-49,896,102,32,31,302,129,302,129
86,105,26,9967,278,-113,391,209,-49,209,-49,896,102,32,31,302,129,302,129
86,105,26,9967,278,-113,391,209,-49,209,-49,896,102,32,31,302,129,302,129
86,105,26,9967,278,-113,391,209,-49,209,-49,896,102,32,31,302,129,302,129
86,105,26,9967,278,-113,391,209,-49,209,-49,896,102,32,31,302,129,302,129
84,105,26,9916,276,-115,391,206,-51,206,-51,889,102,31,31,301,127,301,127
84,105,26,9919,275,-115,390,206,-51,206,-51,890,102,32,31,301,128,301,128
84,105,26,9919,275,-115,390,206,-51,206,-51,890,102,32,31,301,128,301,128
84,105,26,9919,275,-115,390,206,-51,206,-51,890,102,32,31,301,128,301,128
84,105,26,9919,275,-115,390,206,-51,206,-51,890,102,32,31,301,128,301,128
84,104,26,9883,274,-115,389,205,-51,205,-51,880,102,31,32,299,125,299,125
84,105,26,9887,275,-115,390,205,-51,205,-51,890,102,32,31,301,128,301,128
84,105,26,9887,275,-115,390,205,-51,205,-51,890,102,32,31,301,128,301,128
88,105,26,9927,280,-110,390,210,-47,210,-47,896,102,33,31,301,131,301,131
93,108,27,9955,286,-105,391,216,-42,216,-42,915,104,34,30,304,136,304,136
93,108,27,9955,286,-105,391,216,-42,216,-42,915,104,34,30,304,136,304,136
84,104,26,9888,274,-115,389,205,-51,205,-51,885,102,31,31,299,127,299,127
84,104,26,9888,274,-115,389,205,-51,205,-51,885,102,31,31,299,127,299,127
84,104,26,9907,275,-115,390,205,-51,205,-51,891,102,32,31,301,128,301,128
84,104,26,9907,275,-115,390,205,-51,205,-51,891,102,32,31,301,128,301,128
84,104,26,9907,275,-115,390,205,-51,205,-51,891,102,32,31,301,128,301,128
93,107,27,9934,286,-103,389,216,-41,216,-41,915,104,34,30,304,136,304,136
93,107,27,9934,286,-103,389,216,-41,216,-41,915,104,34,30,304,136,304,136
92,106,27,9931,285,-106,391,214,-43,214,-43,911,103,34,30,303,135,303,135
86,105,26,9920,277,-113,390,208,-49,208,-49,890,102,32,31,300,129,300,129
86,105,26,9920,277,-113,390,208,-49,208,-49,890,102,32,31,300,129,300,129
86,105,26,9902,276,-113,389,208,-49,208,-49,889,102,32,31,300,129,300,129
86,105,26,9902,276,-113,389,208,-49,208,-49,889,102,32,31,300,129,300,129
86,105,26,9902,276,-113,389,208,-49,208,-49,889,102,32,31,300,129,300,129
86,105,26,9902,276,-113,389,208,-49,208,-49,889,102,32,31,300,129,300,129
86,105,26,9902,276,-113,389,208,-49,208,-49,889,102,32,31,300,129,300,129
86,105,26,9902,276,-113,389,208,-49,208,-49,889,102,32,31,300,129,300,129
86,105,26,9902,276,-113,389,208,-49,208,-49,889,102,32,31,300,129,300,129
86,105,26,9902,276,-113,389,208,-49,208,-49,889,102,32,31,300,129,300,129
86,105,26,9902,276,-113,389,208,-49,208,-49,889,102,32,31,300,129,300,129
86,105,26,9902,276,-113,389,208,-49,208,-49,889,102,32,31,300,129,300,129
94,108,27,9954,288,-102,390,218,-40,218,-40,920,104,35,29,304,138,304,138
95,110,27,10066,291,-105,396,219,-41,219,-41,937,105,35,29,306,140,306,140
84,104,26,9852,274,-114,388,205,-50,205,-50,876,101,31,31,297,125,297,125
93,106,27,9924,286,-103,389,215,-41,215,-41,913,103,34,29,303,137,303,137
86,104,26,9880,277,-112,389,208,-48,208,-48,885,101,32,31,298,129,298,129
86,104,26,9880,277,-112,389,208,-48,208,-48,885,101,32,31,298,129,298,129
86,104,26,9880,277,-112,389,208,-48,208,-48,885,101,32,31,298,129,298,129
86,104,26,9880,277,-112,389,208,-48,208,-48,885,101,32,31,298,129,298,129
86,104,26,9880,277,-112,389,208,-48,208,-48,885,101,32,31,298,129,298,129
86,104,26,9880,277,-112,389,208,-48,208,-48,885,101,32,31,298,129,298,129
86,104,26,9880,277,-112,389,208,-48,208,-48,885,101,32,31,298,129,298,129
83,103,26,9829,272,-114,386,204,-51,204,-51,877,101,31,31,297,125,297,125
83,102,26,9846,272,-115,387,204,-51,204,-51,877,101,31,31,297,125,297,125
88,105,27,9905,279,-109,388,210,-46,210,-46,895,102,33,30,300,132,300,132
89,104,26,9921,280,-108,388,211,-45,211,-45,895,102,33,30,300,132,300,132
95,109,27,10028,290,-103,393,219,-40,219,-40,935,105,35,30,306,140,306,140
88,105,27,9905,279,-109,388,210,-46,210,-46,895,102,33,30,300,132,300,132
96,109,27,10073,291,-104,395,220,-40,220,-40,936,104,36,29,304,140,304,140
86,104,26,9905,277,-112,389,208,-48,208,-48,884,101,32,31,297,129,297,129
87,104,26,9855,276,-111,387,208,-47,208,-47,881,101,32,31,296,129,296,129
84,102,26,9829,272,-113,385,205,-50,205,-50,875,101,31,31,296,125,296,125
87,104,26,9882,277,-111,388,208,-47,208,-47,881,101,32,31,296,129,296,129
82,102,26,9812,270,-115,385,203,-51,203,-51,874,101,31,32,296,124,296,124
84,103,26,9858,273,-114,387,205,-50,205,-50,875,101,31,31,296,125,296,125
85,103,26,9851,274,-113,387,206,-49,206,-49,884,101,32,31,297,129,297,129
85,103,26,9851,274,-113,387,206,-49,206,-49,884,101,32,31,297,129,297,129
98,110,27,10032,294,-102,396,221,-38,221,-38,928,103,35,29,302,139,302,139
98,110,27,10032,294,-102,396,221,-38,221,-38,928,103,35,29,302,139,302,139
87,104,26,9869,276,-111,387,208,-47,208,-47,885,101,32,31,297,129,297,129
98,110,27,10032,294,-102,396,221,-38,221,-38,928,103,35,29,302,139,302,139
84,103,26,9858,273,-114,387,205,-50,205,-50,875,101,31,31,296,125,296,125
83,102,26,9816,271,-115,386,203,-51,203,-51,874,101,31,31,296,125,296,125
83,102,26,9816,271,-115,386,203,-51,203,-51,874,101,31,31,296,125,296,125
83,102,26,9816,271,-115,386,203,-51,203,-51,874,101,31,31,296,125,296,125
83,102,26,9816,271,-115,386,203,-51,203,-51,874,101,31,31,296,125,296,125
83,102,26,9816,271,-115,386,203,-51,203,-51,874,101,31,31,296,125,296,125
87,104,26,9858,276,-110,386,208,-47,208,-47,883,101,32,31,297,129,297,129
95,107,27,9955,288,-101,389,218,-39,218,-39,924,104,35,29,304,139,304,139
83,102,26,9810,271,-114,385,204,-50,204,-50,874,101,31,31,296,125,296,125
83,102,26,9810,271,-114,385,204,-50,204,-50,874,101,31,31,296,125,296,125
85,103,26,9851,274,-113,387,206,-49,206,-49,884,101,32,31,297,129,297,129
89,104,26,9892,280,-108,388,211,-45,211,-45,892,101,33,30,297,133,297,133
83,102,26,9804,271,-114,385,204,-50,204,-50,873,101,31,31,295,125,295,125
83,102,26,9804,271,-114,385,204,-50,204,-50,873,101,31,31,295,125,295,125
84,102,26,9815,272,-113,385,205,-49,205,-49,873,100,31,31,295,125,295,125
98,109,27,10035,293,-102,395,221,-38,221,-38,928,103,35,29,302,139,302,139
96,107,27,9990,291,-101,392,220,-38,220,-38,926,104,35,29,304,140,304,140
96,107,27,9990,291,-101,392,220,-38,220,-38,926,104,35,29,304,140,304,140
96,107,27,9990,291,-101,392,220,-38,220,-38,926,104,35,29,304,140,304,140
89,104,26,9892,280,-108,388,211,-45,211,-45,892,101,33,30,297,133,297,133
84,102,26,9802,272,-112,384,205,-49,205,-49,874,100,31,31,294,126,294,126
90,103,26,9867,280,-106,386,212,-43,212,-43,891,101,33,30,297,133,297,133
84,102,26,9796,272,-112,384,205,-49,205,-49,872,100,31,31,294,125,294,125
85,102,26,9821,272,-113,385,205,-49,205,-49,873,100,31,31,294,126,294,126
85,102,26,9821,272,-113,385,205,-49,205,-49,873,100,31,31,294,126,294,126
85,102,26,9821,272,-113,385,205,-49,205,-49,873,100,31,31,294,126,294,126
98,109,27,10033,293,-102,395,221,-38,221,-38,927,103,35,29,301,139,301,139
97,107,27,10021,291,-101,392,220,-39,220,-39,926,104,35,29,303,140,303,140
89,103,26,9850,279,-107,386,210,-44,210,-44,892,101,33,30,297,133,297,133
83,101,26,9799,270,-114,384,204,-50,204,-50,868,100,30,32,294,122,294,122
83,101,26,9799,270,-114,384,204,-50,204,-50,868,100,30,32,294,122,294,122
85,103,26,9842,273,-113,386,206,-49,206,-49,874,100,31,31,294,127,294,127
95,105,27,9900,287,-99,386,218,-38,218,-38,920,104,35,29,303,141,303,141
90,103,26,9843,279,-105,384,211,-43,211,-43,892,101,33,29,297,133,297,133
90,103,26,9858,280,-105,385,212,-43,212,-43,895,101,34,29,297,135,297,135
90,103,26,9858,280,-105,385,212,-43,212,-43,895,101,34,29,297,135,297,135
96,109,27,10083,291,-106,397,220,-41,220,-41,944,103,36,29,304,141,304,141
97,107,27,9987,290,-100,390,220,-38,220,-38,926,104,35,29,303,140,303,140
97,106,27,10003,290,-100,390,220,-38,220,-38,928,104,36,29,304,141,304,141
97,106,27,10003,290,-100,390,220,-38,220,-38,928,104,36,29,304,141,304,141
97,106,27,10003,290,-100,390,220,-38,220,-38,928,104,36,29,304,141,304,141
97,106,27,10003,290,-100,390,220,-38,220,-38,928,104,36,29,304,141,304,141
97,108,27,10087,291,-104,395,221,-40,221,-40,938,103,36,29,303,141,303,141
98,108,27,10053,292,-102,394,222,-38,222,-38,927,103,35,29,302,139,302,139
98,108,27,10053,292,-102,394,222,-38,222,-38,927,103,35,29,302,139,302,139
97,106,27,10003,290,-100,390,220,-38,220,-38,928,104,36,29,304,141,304,141
97,106,27,10003,290,-100,390,220,-38,220,-38,928,104,36,29,304,141,304,141
97,106,27,10003,290,-100,390,220,-38,220,-38,928,104,36,29,304,141,304,141
97,106,27,9983,290,-99,389,220,-38,220,-38,928,104,36,29,304,141,304,141
97,106,27,9986,289,-100,389,220,-38,220,-38,925,103,36,29,303,141,303,141
92,102,26,9867,281,-102,383,214,-41,214,-41,904,102,35,29,298,138,298,138
98,107,27,10019,292,-100,392,222,-37,222,-37,928,103,36,29,302,141,302,141
86,102,26,9815,274,-110,384,207,-47,207,-47,883,100,32,30,295,131,295,131
98,107,27,10011,292,-100,392,221,-38,221,-38,930,103,36,29,303,142,303,142
98,107,27,10011,292,-100,392,221,-38,221,-38,930,103,36,29,303,142,303,142
99,108,27,10066,293,-101,394,223,-38,223,-38,926,102,35,29,300,139,300,139
97,105,26,9982,290,-100,390,220,-38,220,-38,926,103,36,29,303,142,303,142
92,102,26,9834,282,-101,383,214,-40,214,-40,903,102,35,29,298,138,298,138
92,102,26,9862,281,-103,384,214,-41,214,-41,900,102,35,28,297,138,297,138
92,102,26,9862,281,-103,384,214,-41,214,-41,900,102,35,28,297,138,297,138
92,102,26,9862,281,-103,384,214,-41,214,-41,900,102,35,28,297,138,297,138
93,102,26,9866,283,-101,384,215,-40,215,-40,905,102,35,28,298,139,298,139
92,102,26,9852,282,-102,384,215,-40,215,-40,900,102,35,28,297,138,297,138
98,108,27,10042,292,-102,394,221,-38,221,-38,934,103,36,29,303,141,303,141
90,102,26,9831,279,-105,384,212,-43,212,-43,894,101,34,29,297,134,297,134
98,107,27,10031,292,-100,392,222,-37,222,-37,928,102,36,28,301,142,301,142
98,107,27,10031,292,-100,392,222,-37,222,-37,928,102,36,28,301,142,301,142
92,102,26,9842,282,-101,383,214,-40,214,-40,902,102,35,28,297,138,297,138
98,107,27,10031,292,-100,392,222,-37,222,-37,928,102,36,28,301,142,301,142
94,102,26,9851,284,-99,383,216,-38,216,-38,908,102,35,29,298,140,298,140
92,102,26,9865,282,-101,383,215,-40,215,-40,901,102,35,28,297,138,297,138
97,105,27,9954,290,-98,388,220,-37,220,-37,922,103,36,29,301,142,301,142
98,108,27,10015,292,-100,392,222,-37,222,-37,929,102,35,29,301,140,301,140
99,107,27,10032,292,-100,392,222,-37,222,-37,931,102,36,28,301,141,301,141
99,107,27,10032,292,-100,392,222,-37,222,-37,931,102,36,28,301,141,301,141
94,102,26,9859,284,-99,383,217,-38,217,-38,909,102,36,28,298,141,298,141
93,102,26,9853,283,-99,382,216,-39,216,-39,908,102,36,28,298,140,298,140
93,102,26,9853,283,-99,382,216,-39,216,-39,908,102,36,28,298,140,298,140
93,102,26,9853,283,-99,382,216,-39,216,-39,908,102,36,28,298,140,298,140
93,102,26,9853,283,-99,382,216,-39,216,-39,908,102,36,28,298,140,298,140
93,101,26,9847,283,-99,382,216,-39,216,-39,905,102,35,28,297,139,297,139
98,106,27,10010,291,-99,390,221,-37,221,-37,931,103,36,29,303,142,303,142
97,107,27,10022,291,-102,393,220,-39,220,-39,941,103,36,29,304,141,304,141
97,107,27,10022,291,-102,393,220,-39,220,-39,941,103,36,29,304,141,304,141
97,104,26,9950,289,-98,387,220,-37,220,-37,920,103,36,28,301,142,301,142
99,106,27,10029,292,-99,391,222,-37,222,-37,927,102,36,28,300,142,300,142
97,107,27,10042,291,-102,393,221,-39,221,-39,941,103,36,29,303,141,303,141
95,102,26,9835,284,-98,382,217,-37,217,-37,911,103,36,29,300,141,300,141
95,102,26,9835,284,-98,382,217,-37,217,-37,911,103,36,29,300,141,300,141
95,102,26,9835,284,-98,382,217,-37,217,-37,911,103,36,29,300,141,300,141
95,102,26,9835,284,-98,382,217,-37,217,-37,911,103,36,29,300,141,300,141
95,102,26,9842,284,-98,382,217,-37,217,-37,912,103,36,28,300,141,300,141
95,102,26,9844,284,-98,382,217,-37,217,-37,911,102,36,28,298,142,298,142
95,102,26,9842,284,-98,382,217,-37,217,-37,912,103,36,28,300,141,300,141
95,102,26,9842,284,-98,382,217,-37,217,-37,912,103,36,28,300,141,300,141
95,102,26,9844,284,-98,382,217,-37,217,-37,911,102,36,28,298,142,298,142
95,102,26,9842,284,-98,382,217,-37,217,-37,912,103,36,28,300,141,300,141
95,102,26,9842,284,-98,382,217,-37,217,-37,912,103,36,28,300,141,300,141
95,102,26,9842,284,-98,382,217,-37,217,-37,912,103,36,28,300,141,300,141
95,102,26,9844,284,-98,382,217,-37,217,-37,911,102,36,28,298,142,298,142
95,102,26,9842,284,-98,382,217,-37,217,-37,912,103,36,28,300,141,300,141
95,102,26,9844,284,-98,382,217,-37,217,-37,911,102,36,28,298,142,298,142
95,102,26,9844,284,-98,382,217,-37,217,-37,911,102,36,28,298,142,298,142
95,102,26,9836,285,-96,381,218,-36,218,-36,911,103,36,29,300,141,300,141
88,101,26,9791,276,-106,382,209,-44,209,-44,886,100,33,30,294,133,294,133
88,101,26,9791,276,-106,382,209,-44,209,-44,886,100,33,30,294,133,294,133
88,101,26,9791,276,-106,382,209,-44,209,-44,886,100,33,30,294,133,294,133
96,102,26,9833,285,-96,381,217,-36,217,-36,916,103,36,28,300,142,300,142
96,102,26,9833,285,-96,381,217,-36,217,-36,916,103,36,28,300,142,300,142
99,106,27,10013,292,-99,391,222,-37,222,-37,926,102,36,28,300,142,300,142
98,104,26,9969,290,-98,388,221,-36,221,-36,922,103,36,29,301,142,301,142
96,102,26,9887,287,-96,383,219,-36,219,-36,916,103,36,28,300,142,300,142
96,102,26,9887,287,-96,383,219,-36,219,-36,916,103,36,28,300,142,300,142
96,102,26,9887,287,-96,383,219,-36,219,-36,916,103,36,28,300,142,300,142
99,107,27,10051,292,-100,392,223,-37,223,-37,931,102,36,28,301,141,301,141
99,107,27,10051,292,-100,392,223,-37,223,-37,931,102,36,28,301,141,301,141
99,107,27,10051,292,-100,392,223,-37,223,-37,931,102,36,28,301,141,301,141
98,106,27,10039,291,-101,392,221,-38,221,-38,937,103,36,28,304,142,304,142
98,106,27,10042,292,-100,392,222,-37,222,-37,933,102,36,29,302,141,302,141
98,104,26,9944,289,-97,386,221,-36,221,-36,923,103,36,28,301,143,301,143
98,104,26,9958,290,-97,387,221,-36,221,-36,923,103,36,28,301,143,301,143
99,107,27,10043,292,-99,391,223,-37,223,-37,930,102,36,28,300,141,300,141
96,102,26,9861,286,-96,382,219,-36,219,-36,915,102,36,28,299,142,299,142
99,107,27,10043,292,-99,391,223,-37,223,-37,930,102,36,28,300,141,300,141
91,100,26,9804,278,-102,380,212,-41,212,-41,896,101,35,29,296,137,296,137
86,100,26,9744,272,-109,381,206,-46,206,-46,876,99,32,30,291,130,291,130
86,100,26,9744,272,-109,381,206,-46,206,-46,876,99,32,30,291,130,291,130
86,100,26,9744,272,-109,381,206,-46,206,-46,876,99,32,30,291,130,291,130
86,100,26,9744,272,-109,381,206,-46,206,-46,876,99,32,30,291,130,291,130
86,100,26,9744,272,-109,381,206,-46,206,-46,876,99,32,30,291,130,291,130
86,100,26,9744,272,-109,381,206,-46,206,-46,876,99,32,30,291,130,291,130
86,100,26,9744,272,-109,381,206,-46,206,-46,876,99,32,30,291,130,291,130
86,100,26,9744,272,-109,381,206,-46,206,-46,876,99,32,30,291,130,291,130
86,100,26,9744,272,-109,381,206,-46,206,-46,876,99,32,30,291,130,291,130
86,100,26,9744,272,-109,381,206,-46,206,-46,876,99,32,30,291,130,291,130
86,100,26,9744,272,-109,381,206,-46,206,-46,876,99,32,30,291,130,291,130
86,100,26,9744,272,-109,381,206,-46,206,-46,876,99,32,30,291,130,291,130
87,100,26,9743,273,-107,380,207,-45,207,-45,881,99,33,29,292,132,292,132
87,100,26,9743,273,-107,380,207,-45,207,-45,881,99,33,29,292,132,292,132
87,100,26,9743,273,-107,380,207,-45,207,-45,881,99,33,29,292,132,292,132
87,100,26,9743,273,-107,380,207,-45,207,-45,881,99,33,29,292,132,292,132
86,100,26,9766,272,-109,381,207,-46,207,-46,876,99,32,30,291,130,291,130
86,100,26,9766,272,-109,381,207,-46,207,-46,876,99,32,30,291,130,291,130
86,100,26,9766,272,-109,381,207,-46,207,-46,876,99,32,30,291,130,291,130
86,100,26,9766,272,-109,381,207,-46,207,-46,876,99,32,30,291,130,291,130
86,100,26,9766,272,-109,381,207,-46,207,-46,876,99,32,30,291,130,291,130
86,100,26,9766,272,-109,381,207,-46,207,-46,876,99,32,30,291,130,291,130
86,100,26,9766,272,-109,381,207,-46,207,-46,876,99,32,30,291,130,291,130
86,100,26,9766,272,-109,381,207,-46,207,-46,876,99,32,30,291,130,291,130
86,100,26,9766,272,-109,381,207,-46,207,-46,876,99,32,30,291,130,291,130
86,100,26,9766,272,-109,381,207,-46,207,-46,876,99,32,30,291,130,291,130
86,100,26,9766,272,-109,381,207,-46,207,-46,876,99,32,30,291,130,291,130
86,100,26,9766,272,-109,381,207,-46,207,-46,876,99,32,30,291,130,291,130
92,100,26,9828,280,-101,381,214,-40,214,-40,900,101,35,28,296,138,296,138
98,104,26,9971,290,-97,387,222,-36,222,-36,924,103,36,28,301,143,301,143
98,104,26,9971,290,-97,387,222,-36,222,-36,924,103,36,28,301,143,301,143
98,104,26,9971,290,-97,387,222,-36,222,-36,924,103,36,28,301,143,301,143
97,103,26,9914,288,-97,385,220,-36,220,-36,920,103,36,28,301,143,301,143
98,103,26,9964,289,-97,386,222,-36,222,-36,922,103,36,28,301,143,301,143
98,103,26,9964,289,-97,386,222,-36,222,-36,922,103,36,28,301,143,301,143
98,103,26,9964,289,-97,386,222,-36,222,-36,922,103,36,28,301,143,301,143
84,98,26,9640,266,-109,375,198,-47,202,-47,864,99,31,30,290,125,289,125
92,100,26,9810,280,-99,379,214,-39,214,-39,900,101,35,28,296,139,296,139
92,100,26,9810,280,-99,379,214,-39,214,-39,900,101,35,28,296,139,296,139
99,103,26,9983,290,-97,387,222,-36,222,-36,923,102,36,28,300,143,300,143
99,103,26,9983,290,-97,387,222,-36,222,-36,923,102,36,28,300,143,300,143
99,103,26,9983,290,-97,387,222,-36,222,-36,923,102,36,28,300,143,300,143
99,103,26,9983,290,-97,387,222,-36,222,-36,923,102,36,28,300,143,300,143
99,104,26,9976,291,-97,388,222,-36,222,-36,924,102,36,28,300,142,300,142
99,103,26,9983,290,-97,387,222,-36,222,-36,923,102,36,28,300,143,300,143
85,98,25,9699,269,-109,378,199,-46,205,-46,868,99,31,30,290,127,289,127
92,100,26,9803,279,-101,380,213,-40,213,-40,898,101,35,29,296,138,296,138
99,104,26,9976,291,-97,388,222,-36,222,-36,924,102,36,28,300,142,300,142
85,98,26,9639,268,-107,375,199,-45,204,-45,865,98,31,30,289,127,288,127
99,103,26,9981,290,-96,386,223,-35,223,-35,923,102,36,28,300,143,300,143
99,103,26,9979,290,-97,387,222,-36,222,-36,923,102,36,28,300,143,300,143
99,103,26,9979,290,-97,387,222,-36,222,-36,923,102,36,28,300,143,300,143
99,103,26,9979,290,-97,387,222,-36,222,-36,923,102,36,28,300,143,300,143
99,103,26,9979,290,-97,387,222,-36,222,-36,923,102,36,28,300,143,300,143
94,99,26,9796,281,-98,379,215,-38,215,-38,902,101,36,27,295,141,295,141
86,98,25,9682,269,-108,377,200,-45,205,-45,867,98,31,30,289,127,288,127
99,105,26,10020,292,-99,391,223,-36,223,-36,933,101,36,28,300,143,300,143
86,98,25,9682,269,-108,377,200,-45,205,-45,867,98,31,30,289,127,288,127
86,98,25,9682,269,-108,377,200,-45,205,-45,867,98,31,30,289,127,288,127
86,99,26,9707,270,-108,378,206,-45,206,-45,868,98,32,30,288,129,288,129
86,99,26,9707,270,-108,378,206,-45,206,-45,868,98,32,30,288,129,288,129
100,103,26,9992,291,-95,386,223,-35,223,-35,924,102,36,28,300,143,300,143
100,103,26,9992,291,-95,386,223,-35,223,-35,924,102,36,28,300,143,300,143
100,103,26,9992,291,-95,386,223,-35,223,-35,924,102,36,28,300,143,300,143
94,99,26,9825,282,-97,379,216,-37,216,-37,906,101,36,28,296,141,296,141
100,105,27,10017,291,-97,388,223,-36,223,-36,931,101,36,28,300,143,300,143
100,105,26,10042,292,-99,391,223,-36,223,-36,933,101,36,28,300,143,300,143
100,105,26,10042,292,-99,391,223,-36,223,-36,933,101,36,28,300,143,300,143
100,105,26,10042,292,-99,391,223,-36,223,-36,933,101,36,28,300,143,300,143
96,100,26,9836,284,-96,380,218,-36,218,-36,909,102,36,28,298,142,298,142
92,99,26,9776,279,-100,379,213,-39,213,-39,894,100,35,28,293,139,293,139
92,99,26,9776,279,-100,379,213,-39,213,-39,894,100,35,28,293,139,293,139
100,105,26,10042,292,-99,391,223,-36,223,-36,933,101,36,28,300,143,300,143
98,106,27,10033,291,-100,391,222,-37,222,-37,938,102,36,28,302,143,302,143
98,106,27,10035,291,-100,391,222,-38,222,-38,939,102,36,28,302,143,302,143
98,106,27,10035,291,-100,391,222,-38,222,-38,939,102,36,28,302,143,302,143
98,106,27,10033,291,-100,391,222,-37,222,-37,938,102,36,28,302,143,302,143
98,106,27,10033,291,-100,391,222,-37,222,-37,938,102,36,28,302,143,302,143
98,106,27,10033,291,-100,391,222,-37,222,-37,938,102,36,28,302,143,302,143
98,106,27,10033,291,-100,391,222,-37,222,-37,938,102,36,28,302,143,302,143
98,106,27,10033,291,-100,391,222,-37,222,-37,938,102,36,28,302,143,302,143
98,106,27,10033,291,-100,391,222,-37,222,-37,938,102,36,28,302,143,302,143
95,100,26,9842,284,-96,380,218,-37,218,-37,906,101,36,28,296,142,296,142
100,102,26,9988,290,-95,385,223,-35,223,-35,924,102,36,28,300,144,300,144
92,99,26,9766,279,-99,378,213,-39,213,-39,897,100,35,28,293,139,293,139
99,101,26,9972,289,-95,384,223,-35,223,-35,920,102,36,28,300,143,300,143
92,99,26,9784,278,-100,378,213,-39,213,-39,890,100,35,28,292,137,292,137
99,105,26,10035,291,-99,390,223,-36,223,-36,933,101,36,28,300,143,300,143
95,99,26,9845,282,-97,379,217,-37,217,-37,905,101,36,28,296,141,296,141
95,99,26,9845,282,-97,379,217,-37,217,-37,905,101,36,28,296,141,296,141
95,99,26,9780,282,-96,378,216,-36,216,-36,907,101,36,28,296,142,296,142
95,99,26,9780,282,-96,378,216,-36,216,-36,907,101,36,28,296,142,296,142
97,115,28,10022,292,-106,398,154,-40,220,-40,958,106,38,28,309,145,297,145
93,99,26,9766,280,-98,378,214,-38,214,-38,899,100,36,28,293,140,293,140
92,99,26,9776,279,-99,378,213,-39,213,-39,903,101,36,28,296,140,296,140
93,99,26,9764,278,-99,377,214,-39,214,-39,891,100,35,28,292,138,292,138
100,102,26,9949,290,-94,384,224,-34,224,-34,923,102,36,28,300,144,300,144
94,99,26,9802,281,-98,379,216,-38,216,-38,902,101,36,27,295,141,295,141
93,99,26,9800,280,-98,378,215,-38,215,-38,900,100,36,27,293,141,293,141
94,99,26,9802,281,-98,379,216,-38,216,-38,902,101,36,27,295,141,295,141
94,99,26,9802,281,-98,379,216,-38,216,-38,902,101,36,27,295,141,295,141
99,101,26,9967,290,-94,384,223,-34,223,-34,921,102,36,28,300,143,300,143
99,101,26,9967,290,-94,384,223,-34,223,-34,921,102,36,28,300,143,300,143
99,101,26,9967,290,-94,384,223,-34,223,-34,921,102,36,28,300,143,300,143
99,101,26,9967,290,-94,384,223,-34,223,-34,921,102,36,28,300,143,300,143
99,101,26,9967,290,-94,384,223,-34,223,-34,921,102,36,28,300,143,300,143
99,101,26,9967,290,-94,384,223,-34,223,-34,921,102,36,28,300,143,300,143
99,101,26,9967,290,-94,384,223,-34,223,-34,921,102,36,28,300,143,300,143
99,101,26,9967,290,-94,384,223,-34,223,-34,921,102,36,28,300,143,300,143
99,101,26,9967,290,-94,384,223,-34,223,-34,921,102,36,28,300,143,300,143
99,101,26,9967,290,-94,384,223,-34,223,-34,921,102,36,28,300,143,300,143
99,101,26,9967,290,-94,384,223,-34,223,-34,921,102,36,28,300,143,300,143
99,101,26,9967,290,-94,384,223,-34,223,-34,921,102,36,28,300,143,300,143
99,101,26,9967,290,-94,384,223,-34,223,-34,921,102,36,28,300,143,300,143
95,99,26,9810,283,-96,379,217,-36,217,-36,908,101,37,27,296,143,296,143
99,101,26,9896,289,-93,382,221,-34,221,-34,920,102,37,28,300,145,300,145
99,101,26,9896,289,-93,382,221,-34,221,-34,920,102,37,28,300,145,300,145
99,101,26,9896,289,-93,382,221,-34,221,-34,920,102,37,28,300,145,300,145
94,99,26,9832,282,-97,379,217,-37,217,-37,903,101,36,27,295,141,295,141
99,105,26,10071,292,-100,392,223,-37,223,-37,937,101,36,28,301,143,301,143
97,99,26,9827,284,-95,379,219,-35,219,-35,909,101,37,28,297,143,297,143
94,99,26,9832,282,-97,379,217,-37,217,-37,903,101,36,27,295,141,295,141
94,99,26,9832,282,-97,379,217,-37,217,-37,903,101,36,27,295,141,295,141
100,104,26,10020,292,-97,389,224,-35,224,-35,931,101,36,28,300,143,300,143
99,104,26,9995,291,-97,388,223,-36,223,-36,934,101,36,28,300,143,300,143
99,104,26,9995,291,-97,388,223,-36,223,-36,934,101,36,28,300,143,300,143
99,104,26,9995,291,-97,388,223,-36,223,-36,934,101,36,28,300,143,300,143
99,104,26,9995,291,-97,388,223,-36,223,-36,934,101,36,28,300,143,300,143
97,99,26,9834,284,-95,379,219,-35,219,-35,909,101,37,28,297,143,297,143
93,98,25,9784,280,-98,378,214,-38,214,-38,903,101,36,28,296,141,296,141
96,108,27,10051,290,-105,395,151,-41,220,-41,956,106,36,29,306,142,303,142
100,101,26,9975,289,-94,383,224,-34,224,-34,923,101,37,28,299,145,299,145
100,101,26,9975,289,-94,383,224,-34,224,-34,923,101,37,28,299,145,299,145
100,101,26,9975,289,-94,383,224,-34,224,-34,923,101,37,28,299,145,299,145
100,101,26,9975,289,-94,383,224,-34,224,-34,923,101,37,28,299,145,299,145
100,101,26,9975,289,-94,383,224,-34,224,-34,923,101,37,28,299,145,299,145
97,107,27,10042,290,-102,392,221,-39,221,-39,949,104,36,28,302,142,302,142
97,108,27,10056,290,-104,394,152,-40,220,-40,952,105,36,28,303,142,302,142
100,104,26,9991,291,-97,388,223,-36,223,-36,934,101,36,28,300,143,300,143
100,104,26,9994,291,-97,388,223,-36,223,-36,935,101,36,28,300,143,300,143
97,99,26,9800,285,-93,378,219,-34,219,-34,911,101,37,27,297,144,297,144
100,100,26,9898,289,-92,381,223,-33,223,-33,922,101,37,27,299,145,299,145
100,100,26,9898,289,-92,381,223,-33,223,-33,922,101,37,27,299,145,299,145
100,100,26,9898,289,-92,381,223,-33,223,-33,922,101,37,27,299,145,299,145
100,100,26,9898,289,-92,381,223,-33,223,-33,922,101,37,27,299,145,299,145
100,100,26,9898,289,-92,381,223,-33,223,-33,922,101,37,27,299,145,299,145
100,100,26,9898,289,-92,381,223,-33,223,-33,922,101,37,27,299,145,299,145
100,100,26,9898,289,-92,381,223,-33,223,-33,922,101,37,27,299,145,299,145
100,100,26,9898,289,-92,381,223,-33,223,-33,922,101,37,27,299,145,299,145
100,100,26,9898,289,-92,381,223,-33,223,-33,922,101,37,27,299,145,299,145
100,100,26,9898,289,-92,381,223,-33,223,-33,922,101,37,27,299,145,299,145
100,100,26,9898,289,-92,381,223,-33,223,-33,922,101,37,27,299,145,299,145
100,100,26,9898,289,-92,381,223,-33,223,-33,922,101,37,27,299,145,299,145
100,100,26,9898,289,-92,381,223,-33,223,-33,922,101,37,27,299,145,299,145
100,100,26,9898,289,-92,381,223,-33,223,-33,922,101,37,27,299,145,299,145
100,100,26,9898,289,-92,381,223,-33,223,-33,922,101,37,27,299,145,299,145
99,99,25,9912,288,-93,381,223,-33,223,-33,918,101,37,27,299,145,299,145
99,99,25,9912,288,-93,381,223,-33,223,-33,918,101,37,27,299,145,299,145
97,98,25,9812,284,-93,377,219,-34,219,-34,907,100,37,27,295,143,295,143
97,98,25,9812,284,-93,377,219,-34,219,-34,907,100,37,27,295,143,295,143
97,98,25,9812,284,-93,377,219,-34,219,-34,907,100,37,27,295,143,295,143
97,98,25,9812,284,-93,377,219,-34,219,-34,907,100,37,27,295,143,295,143
97,98,25,9812,284,-93,377,219,-34,219,-34,907,100,37,27,295,143,295,143
96,99,26,9815,283,-95,378,218,-35,218,-35,905,100,37,27,295,143,295,143
96,99,26,9815,283,-95,378,218,-35,218,-35,905,100,37,27,295,143,295,143
96,99,26,9815,283,-95,378,218,-35,218,-35,905,100,37,27,295,143,295,143
96,99,26,9815,283,-95,378,218,-35,218,-35,905,100,37,27,295,143,295,143
96,99,26,9815,283,-95,378,218,-35,218,-35,905,100,37,27,295,143,295,143
96,99,26,9815,283,-95,378,218,-35,218,-35,905,100,37,27,295,143,295,143
96,99,26,9815,283,-95,378,218,-35,218,-35,905,100,37,27,295,143,295,143
96,99,26,9815,283,-95,378,218,-35,218,-35,905,100,37,27,295,143,295,143
96,99,26,9815,283,-95,378,218,-35,218,-35,905,100,37,27,295,143,295,143
96,99,26,9815,283,-95,378,218,-35,218,-35,905,100,37,27,295,143,295,143
96,99,26,9815,283,-95,378,218,-35,218,-35,905,100,37,27,295,143,295,143
96,99,26,9815,283,-95,378,218,-35,218,-35,905,100,37,27,295,143,295,143
96,99,26,9815,283,-95,378,218,-35,218,-35,905,100,37,27,295,143,295,143
96,99,26,9815,283,-95,378,218,-35,218,-35,905,100,37,27,295,143,295,143
96,99,26,9815,283,-95,378,218,-35,218,-35,905,100,37,27,295,143,295,143
97,99,26,9808,284,-93,377,219,-34,219,-34,909,100,37,27,295,144,295,144
97,99,26,9808,284,-93,377,219,-34,219,-34,909,100,37,27,295,144,295,144
97,99,26,9808,284,-93,377,219,-34,219,-34,909,100,37,27,295,144,295,144
97,99,26,9808,284,-93,377,219,-34,219,-34,909,100,37,27,295,144,295,144
97,99,26,9808,284,-93,377,219,-34,219,-34,909,100,37,27,295,144,295,144
97,99,26,9825,285,-93,378,220,-34,220,-34,910,101,37,27,296,144,296,144
97,99,26,9825,285,-93,378,220,-34,220,-34,910,101,37,27,296,144,296,144
100,100,26,9916,290,-92,382,223,-33,223,-33,922,101,37,27,299,145,299,145
97,99,26,9825,285,-93,378,220,-34,220,-34,910,101,37,27,296,144,296,144
97,99,26,9825,285,-93,378,220,-34,220,-34,910,101,37,27,296,144,296,144
97,99,26,9825,285,-93,378,220,-34,220,-34,910,101,37,27,296,144,296,144
97,99,26,9825,285,-93,378,220,-34,220,-34,910,101,37,27,296,144,296,144
100,104,26,10001,291,-97,388,223,-36,223,-36,933,101,36,28,299,143,299,143
100,104,26,10001,291,-97,388,223,-36,223,-36,933,101,36,28,299,143,299,143
98,99,26,9816,286,-92,378,221,-33,221,-33,912,100,37,27,296,144,296,144
100,104,26,9989,291,-97,388,223,-35,223,-35,935,101,37,28,299,145,299,145
100,104,26,9989,291,-97,388,223,-35,223,-35,935,101,37,28,299,145,299,145
100,104,26,9989,291,-97,388,223,-35,223,-35,935,101,37,28,299,145,299,145
100,104,26,9989,291,-97,388,223,-35,223,-35,935,101,37,28,299,145,299,145
100,104,26,10019,291,-99,390,223,-36,223,-36,938,102,36,28,299,143,299,143
100,99,25,9932,289,-92,381,223,-33,223,-33,922,101,37,27,298,145,298,145
95,98,26,9774,281,-95,376,217,-35,217,-35,898,99,36,27,292,141,292,141
95,98,26,9774,281,-95,376,217,-35,217,-35,898,99,36,27,292,141,292,141
95,98,26,9774,281,-95,376,217,-35,217,-35,898,99,36,27,292,141,292,141
95,98,26,9774,281,-95,376,217,-35,217,-35,898,99,36,27,292,141,292,141
95,98,26,9774,281,-95,376,217,-35,217,-35,898,99,36,27,292,141,292,141
95,98,26,9774,281,-95,376,217,-35,217,-35,898,99,36,27,292,141,292,141
95,98,26,9774,281,-95,376,217,-35,217,-35,898,99,36,27,292,141,292,141
95,98,26,9774,281,-95,376,217,-35,217,-35,898,99,36,27,292,141,292,141
95,98,26,9774,281,-95,376,217,-35,217,-35,898,99,36,27,292,141,292,141
95,98,26,9774,281,-95,376,217,-35,217,-35,898,99,36,27,292,141,292,141
95,98,26,9774,281,-95,376,217,-35,217,-35,898,99,36,27,292,141,292,141
95,98,26,9774,281,-95,376,217,-35,217,-35,898,99,36,27,292,141,292,141
95,98,26,9774,281,-95,376,217,-35,217,-35,898,99,36,27,292,141,292,141
95,98,26,9774,281,-95,376,217,-35,217,-35,898,99,36,27,292,141,292,141
95,98,26,9774,281,-95,376,217,-35,217,-35,898,99,36,27,292,141,292,141
97,98,26,9772,282,-93,375,218,-34,218,-34,906,100,37,27,295,143,295,143
100,104,26,9981,291,-97,388,223,-36,223,-36,937,101,37,27,299,145,299,145
100,104,26,9981,291,-97,388,223,-36,223,-36,937,101,37,27,299,145,299,145
100,104,26,9974,292,-96,388,223,-35,223,-35,936,101,37,27,299,145,299,145
101,100,26,9919,290,-92,382,224,-33,224,-33,922,100,37,27,298,145,298,145
101,99,25,9900,289,-92,381,223,-32,223,-32,921,100,37,27,297,145,297,145
100,99,26,9917,288,-92,380,223,-33,223,-33,921,100,37,27,297,145,297,145
100,99,26,9917,288,-92,380,223,-33,223,-33,921,100,37,27,297,145,297,145
100,99,26,9917,288,-92,380,223,-33,223,-33,921,100,37,27,297,145,297,145
100,99,26,9917,288,-92,380,223,-33,223,-33,921,100,37,27,297,145,297,145
99,98,25,9838,287,-92,379,221,-33,221,-33,913,100,37,27,297,144,297,144
101,99,25,9909,289,-92,381,224,-32,224,-32,920,100,37,27,297,145,297,145
100,103,26,9959,290,-96,386,223,-35,223,-35,936,101,37,27,299,145,299,145
101,99,26,9886,289,-91,380,223,-32,223,-32,921,100,37,27,298,146,298,146
100,103,26,9950,290,-96,386,223,-34,223,-34,936,101,37,27,299,145,299,145
100,103,26,9950,290,-96,386,223,-34,223,-34,936,101,37,27,299,145,299,145
100,103,26,9950,290,-96,386,223,-34,223,-34,936,101,37,27,299,145,299,145
100,103,26,9950,290,-96,386,223,-34,223,-34,936,101,37,27,299,145,299,145
100,103,26,9950,290,-96,386,223,-34,223,-34,936,101,37,27,299,145,299,145
100,103,26,9950,290,-96,386,223,-34,223,-34,936,101,37,27,299,145,299,145
100,103,26,9950,290,-96,386,223,-34,223,-34,936,101,37,27,299,145,299,145
101,99,26,9886,289,-91,380,223,-32,223,-32,921,100,37,27,298,146,298,146
100,99,26,9875,288,-92,380,223,-32,223,-32,922,100,38,27,298,147,298,147
101,99,26,9907,289,-91,380,224,-32,224,-32,922,100,37,27,298,146,298,146
101,99,26,9907,289,-91,380,224,-32,224,-32,922,100,37,27,298,146,298,146
101,99,25,9947,290,-92,382,225,-32,225,-32,927,100,37,27,299,147,299,147
100,99,26,9862,288,-91,379,223,-32,223,-32,922,100,38,27,298,147,298,147
100,99,26,9862,288,-91,379,223,-32,223,-32,922,100,38,27,298,147,298,147
100,99,26,9862,288,-91,379,223,-32,223,-32,922,100,38,27,298,147,298,147
100,99,26,9862,288,-91,379,223,-32,223,-32,922,100,38,27,298,147,298,147
96,107,27,10024,290,-104,394,151,-40,219,-40,957,106,36,29,306,142,302,142
101,99,26,9881,289,-91,380,223,-32,223,-32,923,100,38,27,298,147,298,147
101,99,26,9881,289,-91,380,223,-32,223,-32,923,100,38,27,298,147,298,147
101,99,26,9881,289,-91,380,223,-32,223,-32,923,100,38,27,298,147,298,147
101,99,26,9881,289,-91,380,223,-32,223,-32,923,100,38,27,298,147,298,147
101,99,26,9881,289,-91,380,223,-32,223,-32,923,100,38,27,298,147,298,147
101,99,26,9881,289,-91,380,223,-32,223,-32,923,100,38,27,298,147,298,147
98,107,27,9986,290,-101,391,152,-38,221,-38,948,104,36,28,300,143,300,143
99,98,25,9850,287,-91,378,222,-32,222,-32,915,100,38,27,297,145,297,145
100,99,26,9898,289,-91,380,223,-32,223,-32,923,100,38,27,298,147,298,147
98,98,25,9844,286,-92,378,221,-33,221,-33,913,100,38,26,296,145,296,145
98,98,25,9844,286,-92,378,221,-33,221,-33,913,100,38,26,296,145,296,145
100,104,26,9960,291,-97,388,223,-35,223,-35,938,102,37,27,299,145,299,145
100,104,26,9960,291,-97,388,223,-35,223,-35,938,102,37,27,299,145,299,145
100,104,26,9960,291,-97,388,223,-35,223,-35,938,102,37,27,299,145,299,145
100,104,26,9960,291,-97,388,223,-35,223,-35,938,102,37,27,299,145,299,145
100,103,26,9960,290,-96,386,223,-35,223,-35,938,101,37,27,299,145,299,145
100,103,26,9960,290,-96,386,223,-35,223,-35,938,101,37,27,299,145,299,145
100,103,26,9960,290,-96,386,223,-35,223,-35,938,101,37,27,299,145,299,145
100,103,26,9960,290,-96,386,223,-35,223,-35,938,101,37,27,299,145,299,145
100,103,26,9960,290,-96,386,223,-35,223,-35,938,101,37,27,299,145,299,145
99,98,25,9870,287,-92,379,222,-33,222,-33,919,100,38,27,298,146,298,146
99,98,25,9870,287,-92,379,222,-33,222,-33,919,100,38,27,298,146,298,146
99,98,25,9870,287,-92,379,222,-33,222,-33,919,100,38,27,298,146,298,146
99,98,25,9870,287,-92,379,222,-33,222,-33,919,100,38,27,298,146,298,146
99,98,25,9870,287,-92,379,222,-33,222,-33,919,100,38,27,298,146,298,146
99,98,25,9870,287,-92,379,222,-33,222,-33,919,100,38,27,298,146,298,146
99,98,25,9870,287,-92,379,222,-33,222,-33,919,100,38,27,298,146,298,146
99,98,25,9884,287,-92,379,222,-33,222,-33,922,100,38,27,298,146,298,146
99,98,25,9884,287,-92,379,222,-33,222,-33,922,100,38,27,298,146,298,146
99,98,25,9884,287,-92,379,222,-33,222,-33,922,100,38,27,298,146,298,146
99,98,25,9884,287,-92,379,222,-33,222,-33,922,100,38,27,298,146,298,146
100,98,25,9870,288,-91,379,223,-32,223,-32,922,100,38,27,298,146,298,146
100,103,26,9960,290,-96,386,223,-35,223,-35,938,101,37,27,299,145,299,145
98,106,27,9965,290,-100,390,221,-37,221,-37,946,104,36,28,300,143,300,143
98,106,27,9965,290,-100,390,221,-37,221,-37,946,104,36,28,300,143,300,143
99,98,25,9792,286,-91,377,220,-32,220,-32,910,100,38,27,295,145,295,145
99,98,25,9842,287,-91,378,222,-32,222,-32,913,100,38,26,296,145,296,145
101,103,26,9943,291,-94,385,224,-34,224,-34,935,101,37,27,297,145,297,145
101,103,26,9943,291,-94,385,224,-34,224,-34,935,101,37,27,297,145,297,145
101,103,26,9943,291,-94,385,224,-34,224,-34,935,101,37,27,297,145,297,145
99,98,25,9876,287,-92,379,222,-33,222,-33,918,100,38,27,298,145,298,145
98,106,27,9946,290,-100,390,221,-37,221,-37,946,104,37,28,300,144,300,144
99,98,25,9876,287,-92,379,222,-33,222,-33,918,100,38,27,298,145,298,145
99,98,25,9876,287,-92,379,222,-33,222,-33,918,100,38,27,298,145,298,145
100,98,25,9840,288,-91,379,222,-32,222,-32,915,100,38,26,296,145,296,145
98,107,27,9960,290,-101,391,221,-37,221,-37,947,104,37,28,300,144,300,144
99,106,27,9961,291,-99,390,221,-37,221,-37,945,103,37,28,299,145,299,145
100,98,25,9852,288,-91,379,222,-32,222,-32,914,99,38,26,295,145,295,145
100,98,25,9852,288,-91,379,222,-32,222,-32,914,99,38,26,295,145,295,145
97,108,27,9959,290,-102,392,151,-39,219,-39,955,105,37,28,303,144,300,144
100,103,26,9971,291,-96,387,223,-35,223,-35,938,102,37,27,298,145,298,145
100,103,26,9942,291,-96,387,222,-35,222,-35,939,102,37,27,298,146,298,146
100,103,26,9942,291,-96,387,222,-35,222,-35,939,102,37,27,298,146,298,146
100,103,26,9942,291,-96,387,222,-35,222,-35,939,102,37,27,298,146,298,146
100,103,26,9942,291,-96,387,222,-35,222,-35,939,102,37,27,298,146,298,146
100,103,26,9942,291,-96,387,222,-35,222,-35,939,102,37,27,298,146,298,146
100,103,26,9942,291,-96,387,222,-35,222,-35,939,102,37,27,298,146,298,146
98,107,27,9938,290,-99,389,152,-37,221,-37,947,104,37,28,299,144,299,144
99,106,27,9944,290,-99,389,221,-37,221,-37,947,104,37,28,300,145,300,145
99,106,27,9944,290,-99,389,221,-37,221,-37,947,104,37,28,300,145,300,145
99,106,27,9944,290,-99,389,221,-37,221,-37,947,104,37,28,300,145,300,145
99,106,27,9944,290,-99,389,221,-37,221,-37,947,104,37,28,300,145,300,145
99,106,27,9944,290,-99,389,221,-37,221,-37,947,104,37,28,300,145,300,145
99,106,27,9944,290,-99,389,221,-37,221,-37,947,104,37,28,300,145,300,145
99,106,27,9944,290,-99,389,221,-37,221,-37,947,104,37,28,300,145,300,145
99,106,27,9944,290,-99,389,221,-37,221,-37,947,104,37,28,300,145,300,145
101,102,26,9921,291,-94,385,224,-33,224,-33,935,101,37,27,298,146,298,146
102,98,25,9892,290,-90,380,224,-31,224,-31,928,99,38,26,297,148,297,148
101,103,26,9932,291,-95,386,223,-34,223,-34,935,101,37,27,297,146,297,146
101,103,26,9932,291,-95,386,223,-34,223,-34,935,101,37,27,297,146,297,146
100,103,26,9924,291,-95,386,222,-34,222,-34,939,102,37,27,298,146,298,146
100,103,26,9950,291,-95,386,223,-34,223,-34,937,101,37,27,297,146,297,146
100,103,26,9950,291,-95,386,223,-34,223,-34,937,101,37,27,297,146,297,146
101,102,26,9918,291,-93,384,224,-33,224,-33,932,101,37,27,297,146,297,146
101,102,26,9918,291,-93,384,224,-33,224,-33,932,101,37,27,297,146,297,146
101,102,26,9918,291,-93,384,224,-33,224,-33,932,101,37,27,297,146,297,146
101,102,26,9930,291,-93,384,224,-33,224,-33,932,101,37,27,297,146,297,146
101,102,26,9918,291,-93,384,224,-33,224,-33,932,101,37,27,297,146,297,146
101,102,26,9918,291,-93,384,224,-33,224,-33,932,101,37,27,297,146,297,146
101,102,26,9918,291,-93,384,224,-33,224,-33,932,101,37,27,297,146,297,146
101,102,26,9918,291,-93,384,224,-33,224,-33,932,101,37,27,297,146,297,146
101,102,26,9918,291,-93,384,224,-33,224,-33,932,101,37,27,297,146,297,146
101,102,26,9918,291,-93,384,224,-33,224,-33,932,101,37,27,297,146,297,146
101,102,26,9918,291,-93,384,224,-33,224,-33,932,101,37,27,297,146,297,146
101,102,26,9918,291,-93,384,224,-33,224,-33,932,101,37,27,297,146,297,146
101,102,26,9918,291,-93,384,224,-33,224,-33,932,101,37,27,297,146,297,146
101,102,26,9918,291,-93,384,224,-33,224,-33,932,101,37,27,297,146,297,146
101,102,26,9918,291,-93,384,224,-33,224,-33,932,101,37,27,297,146,297,146
101,102,26,9930,291,-93,384,224,-33,224,-33,932,101,37,27,297,146,297,146
100,103,26,9924,291,-95,386,222,-34,222,-34,939,102,37,27,298,146,298,146
100,103,26,9924,291,-95,386,222,-34,222,-34,939,102,37,27,298,146,298,146
100,103,26,9924,291,-95,386,222,-34,222,-34,939,102,37,27,298,146,298,146
100,103,26,9924,291,-95,386,222,-34,222,-34,939,102,37,27,298,146,298,146
100,103,26,9924,291,-95,386,222,-34,222,-34,939,102,37,27,298,146,298,146
102,99,26,9879,290,-90,380,224,-31,224,-31,927,99,38,26,297,149,297,149
101,102,26,9918,291,-93,384,224,-33,224,-33,932,101,37,27,297,146,297,146
101,102,26,9918,291,-93,384,224,-33,224,-33,932,101,37,27,297,146,297,146
101,99,26,9862,290,-90,380,224,-31,224,-31,928,99,38,26,296,148,296,148
101,99,26,9862,290,-90,380,224,-31,224,-31,928,99,38,26,296,148,296,148
101,99,26,9862,290,-90,380,224,-31,224,-31,928,99,38,26,296,148,296,148
101,99,26,9862,290,-90,380,224,-31,224,-31,928,99,38,26,296,148,296,148
101,99,26,9862,290,-90,380,224,-31,224,-31,928,99,38,26,296,148,296,148
101,99,26,9862,290,-90,380,224,-31,224,-31,928,99,38,26,296,148,296,148
101,99,26,9862,290,-90,380,224,-31,224,-31,928,99,38,26,296,148,296,148
101,99,26,9862,290,-90,380,224,-31,224,-31,928,99,38,26,296,148,296,148
101,99,26,9862,290,-90,380,224,-31,224,-31,928,99,38,26,296,148,296,148
101,99,26,9862,290,-90,380,224,-31,224,-31,928,99,38,26,296,148,296,148
101,99,26,9862,290,-90,380,224,-31,224,-31,928,99,38,26,296,148,296,148
101,99,26,9862,290,-90,380,224,-31,224,-31,928,99,38,26,296,148,296,148
101,99,26,9862,290,-90,380,224,-31,224,-31,928,99,38,26,296,148,296,148
101,99,26,9862,290,-90,380,224,-31,224,-31,928,99,38,26,296,148,296,148
101,99,26,9862,290,-90,380,224,-31,224,-31,928,99,38,26,296,148,296,148
101,99,26,9862,290,-90,380,224,-31,224,-31,928,99,38,26,296,148,296,148
101,101,26,9936,291,-93,384,224,-33,224,-33,933,101,38,27,297,147,297,147
100,104,26,9920,291,-95,386,222,-34,222,-34,939,102,37,27,298,146,298,146
100,104,26,9920,291,-95,386,222,-34,222,-34,939,102,37,27,298,146,298,146
100,104,26,9920,291,-95,386,222,-34,222,-34,939,102,37,27,298,146,298,146
100,104,26,9920,291,-95,386,222,-34,222,-34,939,102,37,27,298,146,298,146
100,104,26,9920,291,-95,386,222,-34,222,-34,939,102,37,27,298,146,298,146
100,104,26,9920,291,-95,386,222,-34,222,-34,939,102,37,27,298,146,298,146
102,99,25,9897,291,-90,381,225,-31,225,-31,929,100,38,26,297,148,297,148
100,103,26,9906,291,-95,386,222,-34,222,-34,938,102,37,27,298,146,298,146
101,103,26,9933,291,-95,386,223,-34,223,-34,937,101,37,27,297,146,297,146
101,103,26,9933,291,-95,386,223,-34,223,-34,937,101,37,27,297,146,297,146
101,103,26,9933,291,-95,386,223,-34,223,-34,937,101,37,27,297,146,297,146
101,103,26,9933,291,-95,386,223,-34,223,-34,937,101,37,27,297,146,297,146
101,103,26,9933,291,-95,386,223,-34,223,-34,937,101,37,27,297,146,297,146
101,103,26,9933,291,-95,386,223,-34,223,-34,937,101,37,27,297,146,297,146
101,103,26,9933,291,-95,386,223,-34,223,-34,937,101,37,27,297,146,297,146
101,103,26,9933,291,-95,386,223,-34,223,-34,937,101,37,27,297,146,297,146
101,103,26,9933,291,-95,386,223,-34,223,-34,937,101,37,27,297,146,297,146
101,103,26,9933,291,-95,386,223,-34,223,-34,937,101,37,27,297,146,297,146
101,103,26,9933,291,-95,386,223,-34,223,-34,937,101,37,27,297,146,297,146
101,103,26,9933,291,-95,386,223,-34,223,-34,937,101,37,27,297,146,297,146
101,103,26,9933,291,-95,386,223,-34,223,-34,937,101,37,27,297,146,297,146
100,104,26,9897,291,-95,386,222,-34,222,-34,937,102,37,27,297,146,297,146
100,104,26,9897,291,-95,386,222,-34,222,-34,937,102,37,27,297,146,297,146
100,104,26,9897,291,-95,386,222,-34,222,-34,937,102,37,27,297,146,297,146
100,104,26,9897,291,-95,386,222,-34,222,-34,937,102,37,27,297,146,297,146
100,104,26,9897,291,-95,386,222,-34,222,-34,937,102,37,27,297,146,297,146
101,102,26,9891,290,-93,383,223,-33,223,-33,936,101,37,27,297,146,297,146
100,104,26,9897,291,-95,386,222,-34,222,-34,937,102,37,27,297,146,297,146
100,104,26,9897,291,-95,386,222,-34,222,-34,937,102,37,27,297,146,297,146
100,104,26,9897,291,-95,386,222,-34,222,-34,937,102,37,27,297,146,297,146
100,104,26,9897,291,-95,386,222,-34,222,-34,937,102,37,27,297,146,297,146
100,104,26,9897,291,-95,386,222,-34,222,-34,937,102,37,27,297,146,297,146
100,104,26,9897,291,-95,386,222,-34,222,-34,937,102,37,27,297,146,297,146
100,104,26,9897,291,-95,386,222,-34,222,-34,937,102,37,27,297,146,297,146
100,104,26,9897,291,-95,386,222,-34,222,-34,937,102,37,27,297,146,297,146
100,104,26,9897,291,-95,386,222,-34,222,-34,937,102,37,27,297,146,297,146
100,104,26,9897,291,-95,386,222,-34,222,-34,937,102,37,27,297,146,297,146
100,104,26,9897,291,-95,386,222,-34,222,-34,937,102,37,27,297,146,297,146
101,102,26,9897,291,-93,384,223,-33,223,-33,935,101,38,26,297,148,297,148
101,102,26,9897,291,-93,384,223,-33,223,-33,935,101,38,26,297,148,297,148
101,102,26,9897,291,-93,384,223,-33,223,-33,935,101,38,26,297,148,297,148
101,103,26,9873,290,-93,383,223,-33,223,-33,936,101,37,27,297,146,297,146
101,102,26,9880,290,-93,383,223,-33,223,-33,935,101,38,27,297,147,297,147
101,102,26,9880,290,-93,383,223,-33,223,-33,935,101,38,27,297,147,297,147
100,103,26,9885,291,-94,385,222,-33,222,-33,936,101,38,26,296,147,296,147
100,103,26,9885,291,-94,385,222,-33,222,-33,936,101,38,26,296,147,296,147
101,101,26,9884,290,-92,382,223,-32,223,-32,932,100,38,26,295,148,295,148
100,103,26,9862,291,-93,384,222,-33,222,-33,935,101,38,27,295,147,295,147
100,103,26,9862,291,-93,384,222,-33,222,-33,935,101,38,27,295,147,295,147
100,103,26,9862,291,-93,384,222,-33,222,-33,935,101,38,27,295,147,295,147
100,103,26,9862,291,-93,384,222,-33,222,-33,935,101,38,27,295,147,295,147
100,103,26,9862,291,-93,384,222,-33,222,-33,935,101,38,27,295,147,295,147
100,103,26,9862,291,-93,384,222,-33,222,-33,935,101,38,27,295,147,295,147
100,103,26,9862,291,-93,384,222,-33,222,-33,935,101,38,27,295,147,295,147
100,103,26,9862,291,-93,384,222,-33,222,-33,935,101,38,27,295,147,295,147
100,103,26,9862,291,-93,384,222,-33,222,-33,935,101,38,27,295,147,295,147
100,103,26,9862,291,-93,384,222,-33,222,-33,935,101,38,27,295,147,295,147
100,103,26,9862,291,-93,384,222,-33,222,-33,935,101,38,27,295,147,295,147
100,103,26,9862,291,-93,384,222,-33,222,-33,935,101,38,27,295,147,295,147
101,103,26,9879,291,-93,384,223,-33,223,-33,937,101,38,26,296,148,296,148
100,103,26,9862,291,-93,384,222,-33,222,-33,935,101,38,27,295,147,295,147
101,103,26,9879,291,-93,384,223,-33,223,-33,937,101,38,26,296,148,296,148
100,103,26,9862,291,-93,384,222,-33,222,-33,935,101,38,27,295,147,295,147
100,103,26,9862,291,-93,384,222,-33,222,-33,935,101,38,27,295,147,295,147
100,103,26,9862,291,-93,384,222,-33,222,-33,935,101,38,27,295,147,295,147
100,103,26,9862,291,-93,384,222,-33,222,-33,935,101,38,27,295,147,295,147
100,103,26,9862,291,-93,384,222,-33,222,-33,935,101,38,27,295,147,295,147
100,103,26,9862,291,-93,384,222,-33,222,-33,935,101,38,27,295,147,295,147
100,103,26,9862,291,-93,384,222,-33,222,-33,935,101,38,27,295,147,295,147
100,103,26,9862,291,-93,384,222,-33,222,-33,935,101,38,27,295,147,295,147
101,103,26,9879,291,-93,384,223,-33,223,-33,937,101,38,26,296,148,296,148
100,103,26,9862,291,-93,384,222,-33,222,-33,935,101,38,27,295,147,295,147
100,103,26,9862,291,-93,384,222,-33,222,-33,935,101,38,27,295,147,295,147
101,103,26,9879,291,-93,384,223,-33,223,-33,937,101,38,26,296,148,296,148
101,103,26,9879,291,-93,384,223,-33,223,-33,937,101,38,26,296,148,296,148
101,103,26,9879,291,-93,384,223,-33,223,-33,937,101,38,26,296,148,296,148
100,103,26,9862,291,-93,384,222,-33,222,-33,935,101,38,27,295,147,295,147
100,103,26,9862,291,-93,384,222,-33,222,-33,935,101,38,27,295,147,295,147
101,103,26,9879,291,-93,384,223,-33,223,-33,937,101,38,26,296,148,296,148
100,103,26,9862,291,-93,384,222,-33,222,-33,935,101,38,27,295,147,295,147
101,103,26,9879,291,-93,384,223,-33,223,-33,937,101,38,26,296,148,296,148
101,103,26,9879,291,-93,384,223,-33,223,-33,937,101,38,26,296,148,296,148
100,104,26,9905,291,-95,386,223,-34,223,-34,939,102,37,27,297,146,297,146
100,104,26,9905,291,-95,386,223,-34,223,-34,939,102,37,27,297,146,297,146
100,103,26,9862,291,-93,384,222,-33,222,-33,935,101,38,27,295,147,295,147
100,103,26,9862,291,-93,384,222,-33,222,-33,935,101,38,27,295,147,295,147
100,103,26,9858,291,-93,384,222,-33,222,-33,937,101,38,26,295,148,295,148
100,103,26,9858,291,-93,384,222,-33,222,-33,937,101,38,26,295,148,295,148
100,103,26,9895,291,-95,386,222,-34,222,-34,937,102,38,26,296,147,296,147
101,101,26,9880,291,-92,383,223,-32,223,-32,931,100,38,26,295,148,295,148
101,103,26,9870,291,-93,384,223,-33,223,-33,937,101,38,26,295,148,295,148
100,103,26,9858,291,-93,384,222,-33,222,-33,937,101,38,26,295,148,295,148
100,104,27,9894,290,-95,385,222,-34,222,-34,938,102,37,27,296,146,296,146
100,104,27,9894,290,-95,385,222,-34,222,-34,938,102,37,27,296,146,296,146
101,103,26,9870,291,-93,384,223,-33,223,-33,937,101,38,26,295,148,295,148
101,103,26,9870,291,-93,384,223,-33,223,-33,937,101,38,26,295,148,295,148
100,104,27,9894,290,-95,385,222,-34,222,-34,938,102,37,27,296,146,296,146
101,103,26,9870,291,-93,384,223,-33,223,-33,937,101,38,26,295,148,295,148
100,103,26,9858,291,-93,384,222,-33,222,-33,937,101,38,26,295,148,295,148
100,103,26,9871,291,-93,384,223,-33,223,-33,938,101,38,26,297,148,297,148
100,103,26,9858,291,-93,384,222,-33,222,-33,937,101,38,26,295,148,295,148
101,103,26,9870,291,-93,384,223,-33,223,-33,937,101,38,26,295,148,295,148
100,103,26,9858,291,-93,384,222,-33,222,-33,937,101,38,26,295,148,295,148
101,103,26,9870,291,-93,384,223,-33,223,-33,937,101,38,26,295,148,295,148
100,103,26,9858,291,-93,384,222,-33,222,-33,937,101,38,26,295,148,295,148
101,103,26,9870,291,-93,384,223,-33,223,-33,937,101,38,26,295,148,295,148
100,103,26,9858,291,-93,384,222,-33,222,-33,937,101,38,26,295,148,295,148
101,103,26,9870,291,-93,384,223,-33,223,-33,937,101,38,26,295,148,295,148
101,103,26,9870,291,-93,384,223,-33,223,-33,937,101,38,26,295,148,295,148
101,103,26,9870,291,-93,384,223,-33,223,-33,937,101,38,26,295,148,295,148
100,103,26,9858,291,-93,384,222,-33,222,-33,937,101,38,26,295,148,295,148
100,103,26,9858,291,-93,384,222,-33,222,-33,937,101,38,26,295,148,295,148
100,103,26,9858,291,-93,384,222,-33,222,-33,937,101,38,26,295,148,295,148
101,101,26,9880,291,-92,383,223,-32,223,-32,931,100,38,26,295,148,295,148
100,103,26,9858,291,-93,384,222,-33,222,-33,937,101,38,26,295,148,295,148
100,103,26,9858,291,-93,384,222,-33,222,-33,937,101,38,26,295,148,295,148
100,103,26,9858,291,-93,384,222,-33,222,-33,937,101,38,26,295,148,295,148
100,103,26,9858,291,-93,384,222,-33,222,-33,937,101,38,26,295,148,295,148
100,103,26,9858,291,-93,384,222,-33,222,-33,937,101,38,26,295,148,295,148
101,103,26,9870,291,-93,384,223,-33,223,-33,937,101,38,26,295,148,295,148
101,103,26,9870,291,-93,384,223,-33,223,-33,937,101,38,26,295,148,295,148
101,103,26,9870,291,-93,384,223,-33,223,-33,937,101,38,26,295,148,295,148
101,103,26,9870,291,-93,384,223,-33,223,-33,937,101,38,26,295,148,295,148
101,103,26,9870,291,-93,384,223,-33,223,-33,937,101,38,26,295,148,295,148
101,103,26,9870,291,-93,384,223,-33,223,-33,937,101,38,26,295,148,295,148
101,103,26,9870,291,-93,384,223,-33,223,-33,937,101,38,26,295,148,295,148
